"Path","Length","SHA256"
"C:\Minecraft\HORIZONS_CHUNK_SERVER\Server\config\advancementinfo.json5","146","82FB3F9FD7931DED27C4C0CC78B86BED8A82E2D17B587F26F3A094A8589E13E6"
"C:\Minecraft\HORIZONS_CHUNK_SERVER\Server\config\adventurez.json5","1597","0E293A707EED2A7ADD3B0922402FE9813C8EA52D0B911919B7E3DF7A47332B92"
"C:\Minecraft\HORIZONS_CHUNK_SERVER\Server\config\ambientsounds-client.json","4090","6CEEA54614F91B5832CF613307C838EFE9A95B8291CA1895849A2C48C9EC7A9F"
"C:\Minecraft\HORIZONS_CHUNK_SERVER\Server\config\animatica.properties","0","E3B0C44298FC1C149AFBF4C8996FB92427AE41E4649B934CA495991B7852B855"
"C:\Minecraft\HORIZONS_CHUNK_SERVER\Server\config\antique-atlas.toml","2030","3CB884C99E98BE4A37C5A61EE38DC6B587BAB5D758CE8F82AB45EAFDA8DCE45B"
"C:\Minecraft\HORIZONS_CHUNK_SERVER\Server\config\attributefix.json","15573","F7E72298152AEE506EC49467C306AC4E3893DC277E2E953BA215395D74667E4C"
"C:\Minecraft\HORIZONS_CHUNK_SERVER\Server\config\backported_wolves.properties","85","900B0D9A7397438478B9ECE37EA75DCF2590537C4784F6C9E594D27BC97D4328"
"C:\Minecraft\HORIZONS_CHUNK_SERVER\Server\config\beansbackpacks-client.json5","345","3E27EE3C0DE458A2F3129CA4010513579C1C477620CA38B053EAD9EEEF8E3F2A"
"C:\Minecraft\HORIZONS_CHUNK_SERVER\Server\config\beansbackpacks-common.json5","2141","08A548215C69405FF5CB8915A759FD97109698B5C3A3321B80A877F1693528CB"
"C:\Minecraft\HORIZONS_CHUNK_SERVER\Server\config\bestylewither.toml","293","1ADBFBD96AD177A37E7290CB130243074A30ADDFD1F34C29BC6FAF7E31ED1ECF"
"C:\Minecraft\HORIZONS_CHUNK_SERVER\Server\config\betterdeserttemples-fabric-1_20.toml","66","06A1B8B7774DF6BEF4DC9B82E140A4211D41C93178EE0D9D25105D05A6C20566"
"C:\Minecraft\HORIZONS_CHUNK_SERVER\Server\config\betterdungeons-fabric-1_20.toml","418","C0809814AF173F138D83495D36AABCCCDA93BA2F2A49EC5B7E1C87A201EFEE77"
"C:\Minecraft\HORIZONS_CHUNK_SERVER\Server\config\betterendisland-fabric-1_20.toml","75","8DC553B84AD47CEFBFBE3706D2172A06CAA2549AD8E6F151A3B2763DDF08936F"
"C:\Minecraft\HORIZONS_CHUNK_SERVER\Server\config\betterfortresses-fabric-1_20.toml","43","6174D118D1B5534FE7EE1E5CF18BEC7870014C1577178EE519396A7A6E4F38FD"
"C:\Minecraft\HORIZONS_CHUNK_SERVER\Server\config\betterjungletemples-fabric-1_20.toml","65","69A3AA51EF5A881F01A6515F72A57A10B8DF7C7B93588F424FC07C864A0933E1"
"C:\Minecraft\HORIZONS_CHUNK_SERVER\Server\config\bettermineshafts-fabric-1_20.toml","595","D486F4672659B59F9A855D9EBCE345D8A983C504D24B99613CE280DB657C40F5"
"C:\Minecraft\HORIZONS_CHUNK_SERVER\Server\config\betteroceanmonuments-fabric-1_20.toml","41","DBBA9AF53D8BFB9F46CB4C9AB525A72026AD0A13C36E8DD8EFE7398A767C3187"
"C:\Minecraft\HORIZONS_CHUNK_SERVER\Server\config\betterstrongholds-fabric-1_20.toml","145","2DAE469F9196A363CB5E9FB614788224A713378F22300A1AFD6486F1D43766A2"
"C:\Minecraft\HORIZONS_CHUNK_SERVER\Server\config\bettertrims-server.json","2598","710D10CAF9E52277534C2EF35C76C12B0AAFE80673F4A02A8C84383ADC3A7551"
"C:\Minecraft\HORIZONS_CHUNK_SERVER\Server\config\bettertrims.json","2598","710D10CAF9E52277534C2EF35C76C12B0AAFE80673F4A02A8C84383ADC3A7551"
"C:\Minecraft\HORIZONS_CHUNK_SERVER\Server\config\betterwitchhuts-fabric-1_20.toml","41","063CE4F60934AB166DADE45375EF5518DF74BE2C6C1E1F1A52EC181013803197"
"C:\Minecraft\HORIZONS_CHUNK_SERVER\Server\config\blur.json","610","CF0F2178068E6D9766AC8DEA96B2A9F51480939A2F97C440816B6295744DD47A"
"C:\Minecraft\HORIZONS_CHUNK_SERVER\Server\config\bobby.conf","1356","5D7701865970D56CBEA91C8F01AD921F9C3DB34CCA3891C69849D8CA1C4D31C3"
"C:\Minecraft\HORIZONS_CHUNK_SERVER\Server\config\bonfires-config.json5","689","110376FE6EF1CCE1B9565EBF90149251927ACDAEA002B521D780555BFCCE3211"
"C:\Minecraft\HORIZONS_CHUNK_SERVER\Server\config\borderlessmining.json","277","97D88071650E42B4C23540A24DE6C7D5D72FEBD593EFD33F7290A9352C169CFE"
"C:\Minecraft\HORIZONS_CHUNK_SERVER\Server\config\bosses_of_mass_destruction.json5","1482","6BF64126B4F95B7F41C468ED61851B823A9FD02C6CB4B4CDF4736530AF5BB820"
"C:\Minecraft\HORIZONS_CHUNK_SERVER\Server\config\c2me.toml","6235","2FEA6E707CAD1B403D94AD1471D801C28C08ABC1B16C5DCDB0ED1D683691072C"
"C:\Minecraft\HORIZONS_CHUNK_SERVER\Server\config\cardinal-components-api.properties","273","F7E7F346E0724CF9CFB77F44DEC2E7D202EA2507729EC7B95EE6A8F089C82982"
"C:\Minecraft\HORIZONS_CHUNK_SERVER\Server\config\carryon-client.json","676","B66DA6824B6141ACCA353406C20654EBF599C814D50DA37006B2BF51009B4F2A"
"C:\Minecraft\HORIZONS_CHUNK_SERVER\Server\config\carryon-common.json","9983","A8CA463589A56F7BA557FEAA484CD03D4CC866541C64ED650A6065C97ED2B1E5"
"C:\Minecraft\HORIZONS_CHUNK_SERVER\Server\config\cave-dweller-config.json5","586","68C8C3A3E455F6C4691D88B5EE35B5DB5130C4043B59B16B58960DF7B62E926B"
"C:\Minecraft\HORIZONS_CHUNK_SERVER\Server\config\chunkloaders-common.toml","1604","32D00EF84A71F82450EB463BDB0C7F977D6FADDA7ACD631023CFD3479C90439B"
"C:\Minecraft\HORIZONS_CHUNK_SERVER\Server\config\citresewn-defaults.json","49","0B333B0BF9A0E573FA14F81610A621B488D5277C9E8F8C6A4C81E6A6CB37E482"
"C:\Minecraft\HORIZONS_CHUNK_SERVER\Server\config\citresewn.json","121","1EA03400477AC2075D61AE58CFC573BC78CE954507D090AB69547DE279918656"
"C:\Minecraft\HORIZONS_CHUNK_SERVER\Server\config\collective.json5","960","600046B205E20AA3A2FF5AF8A66A202C00A97B1C27A6C0675211DBE11D4C0B5F"
"C:\Minecraft\HORIZONS_CHUNK_SERVER\Server\config\comforts-server.toml","1854","2520CE5D222288A8022F76BD54DFB605286A1C256FC7BFB3A1EDF77179F76D3E"
"C:\Minecraft\HORIZONS_CHUNK_SERVER\Server\config\crabconfig.properties","164","3548132F16D61CD4D8E03D2CCBCE735CECCE0C93BCAE7B078F933EBA161369E1"
"C:\Minecraft\HORIZONS_CHUNK_SERVER\Server\config\creeperoverhaul.jsonc","1850","9D870B28F9A1479F952F258F7F01AEBCEB17FDC78C23014469C8AC055FAD9BBB"
"C:\Minecraft\HORIZONS_CHUNK_SERVER\Server\config\deeperdarker.json5","1500","4838CFBDDC5A32292286D9A1D67C295733BE5EAE20C3F5193BAC3FA691F548DC"
"C:\Minecraft\HORIZONS_CHUNK_SERVER\Server\config\DistantHorizons.toml","31515","B557C0FB2C12D6E41EEC09FCB4C3432F37A8785030AE92DB3D93BFE1D0B0916B"
"C:\Minecraft\HORIZONS_CHUNK_SERVER\Server\config\doubledoors.json5","979","D4407793E6F0450C0B22EB5099F297E66EC947B666E8B5B1B7A15C87C1818CCA"
"C:\Minecraft\HORIZONS_CHUNK_SERVER\Server\config\do_a_barrel_roll-client.json","1762","EE32FAF303D3BEAFF76EE54091BC95788048046B6E948EA7795D1EB34F365607"
"C:\Minecraft\HORIZONS_CHUNK_SERVER\Server\config\do_a_barrel_roll-server.json","2","44136FA355B3678A1146AD16F7E8649E94FB4FC21FE77E8310C060F61CAAFF8A"
"C:\Minecraft\HORIZONS_CHUNK_SERVER\Server\config\easyanvils-client.toml","73","DAECF2F4B4F0F6682CFABF68DCB963535F7F4284C671141DD7C7115B0C609BA7"
"C:\Minecraft\HORIZONS_CHUNK_SERVER\Server\config\easyanvils-server.toml","3484","AC8977B3C900A0A44019D15A8BDAA62FAB0F046DB4291629BEB2E862BB98C86E"
"C:\Minecraft\HORIZONS_CHUNK_SERVER\Server\config\easymagic-client.toml","977","187085002566BC0AD0BD0262459F92716261AE66C3B96147096A5A4EF7A25ABF"
"C:\Minecraft\HORIZONS_CHUNK_SERVER\Server\config\easymagic-server.toml","1907","7DBF42819B121001C76E06C07994C363D316CE110F7B06DD032687F4099D5687"
"C:\Minecraft\HORIZONS_CHUNK_SERVER\Server\config\enchdesc.json","188","01397B8DAC903CFB9A6EF96C999FFF934CCF3320DA326A3C0CDC6D5FB03B70B3"
"C:\Minecraft\HORIZONS_CHUNK_SERVER\Server\config\enhanced_bes.properties","532","07AF86F36352B63CD8051108CAEEA8267CF5A18BB3EC6C95CE623D5718C0CF23"
"C:\Minecraft\HORIZONS_CHUNK_SERVER\Server\config\entityculling.json","929","81B6AFD82E5AB2CA45B5FC0F025EF5638B3D2DF534DBC05BB7E399042706C961"
"C:\Minecraft\HORIZONS_CHUNK_SERVER\Server\config\entity_model_features.json","1115","697FD055AA06966D44251E53E1B51DA5CBC903769BF631BCDC6534526A243683"
"C:\Minecraft\HORIZONS_CHUNK_SERVER\Server\config\entity_texture_features.json","1420","0554C0E7816266477C65C18D2ADA9FDDDF1C6750787EFD329056223CA4A073B2"
"C:\Minecraft\HORIZONS_CHUNK_SERVER\Server\config\etf_warnings.json","28","A5BA22E63061C1FB67F0F895F17681351EAECCC225FAEF966C29EE630593275E"
"C:\Minecraft\HORIZONS_CHUNK_SERVER\Server\config\exposure-client.toml","3410","18E3FA3B1B96D55EA539DCF7D607194033B20180C325D1B7AF5397C0F41C92B7"
"C:\Minecraft\HORIZONS_CHUNK_SERVER\Server\config\exposure-common.toml","2377","7E54BC787DF6474B4B42EA3D5147AA8AE446A1AE96A9BC4D7EFDA1221AEF8B37"
"C:\Minecraft\HORIZONS_CHUNK_SERVER\Server\config\fallingleaves.json","601","5ECDB13465F88D18AB11D46F1F94DFEA11C6418755FB9CA6DD63AB6676E083DD"
"C:\Minecraft\HORIZONS_CHUNK_SERVER\Server\config\ferritecore.mixin.properties","1525","A2091A291309DB8920C8A80E913ED31C24C29687D8CD25AC18076AD85A90DDB8"
"C:\Minecraft\HORIZONS_CHUNK_SERVER\Server\config\forgeconfigapiport.toml","1582","AC070ED460BF105BE08B98392544E52093232AAF2CEE8E3DB826BB709ED535CD"
"C:\Minecraft\HORIZONS_CHUNK_SERVER\Server\config\friendsandfoes.json","1928","B39D8D7A6F272C04BD913224D87245E059B63C86D4059E77B4A74EB5C31F5151"
"C:\Minecraft\HORIZONS_CHUNK_SERVER\Server\config\global_data_and_resourcepacks.toml","1061","D6055224690C399A9657218B8FCB9FA2FF1F33A5F83E7A383F4B6AAE835938D5"
"C:\Minecraft\HORIZONS_CHUNK_SERVER\Server\config\guiclock.json5","1744","3BEF8E69A917603081D182C174990FCE58F19BAD4B56024C9CAC417F62E89D44"
"C:\Minecraft\HORIZONS_CHUNK_SERVER\Server\config\guicompass.json5","1061","CF2EF48D2E444C1686A980B7E195E7E9C1B073A727811E550C3B800251982288"
"C:\Minecraft\HORIZONS_CHUNK_SERVER\Server\config\hangglider-client.toml","361","0DE7107881D0628A90DA9D84DFB76F46E4E3AA69B823081368AF9E099643CE50"
"C:\Minecraft\HORIZONS_CHUNK_SERVER\Server\config\hangglider-server.toml","5264","EA5B2CEFCE400484DD849F030A38BB6DDD070EB92FA5F52D9495A95060D0D684"
"C:\Minecraft\HORIZONS_CHUNK_SERVER\Server\config\immersive_melodies.json","533","C283742497F77E106F4A146C4B52D8D58817ECFE17ADE7105D9785FECFFBD70C"
"C:\Minecraft\HORIZONS_CHUNK_SERVER\Server\config\indium-renderer.properties","115","7AAB78D63CC348A36B4591AB110529C519852C2006FEEC8BBAD9CE6368FBD232"
"C:\Minecraft\HORIZONS_CHUNK_SERVER\Server\config\inventorio.json","262","A7052BD9B7EF391C3D44A04151D1EBF516EFA57F35ABF8B5C2A91E93FB5D380D"
"C:\Minecraft\HORIZONS_CHUNK_SERVER\Server\config\inventorio_shared.json","312","26F09FA47335288252B4B22E5FEC96F42DE26A0EB582F4C35A46F2605225FC2E"
"C:\Minecraft\HORIZONS_CHUNK_SERVER\Server\config\inventorymanagement.toml","751","61640977EF02DD307E6781030924EBDE648FCD262B2205CED4C3C27553F1602E"
"C:\Minecraft\HORIZONS_CHUNK_SERVER\Server\config\iris.properties","284","E57B13C7372E313E549231B629B9763510B5AB63C7C7D2F63F48AECAC8FED1FF"
"C:\Minecraft\HORIZONS_CHUNK_SERVER\Server\config\jupiter.json","409","146CB3D3A5AD9C9343ADCFE1DEEFF0CD659E879840444D06FD53CBA62734746F"
"C:\Minecraft\HORIZONS_CHUNK_SERVER\Server\config\lambdynlights.toml","4199","5219547490CBEA7DE66CC6A6806E3CF98AA33EA489E5E6624774312A4E22BE11"
"C:\Minecraft\HORIZONS_CHUNK_SERVER\Server\config\lenientdeath.json5","18631","D9B977E19C32E08D7F90C898E752A9F380409AE2D84FF83CE4E96B39B0AC2201"
"C:\Minecraft\HORIZONS_CHUNK_SERVER\Server\config\lithium.properties","430","76765E8E5FF8E927D80BEB0739AABABCF36E7BABFD94262F2AFECE256CC5CD2E"
"C:\Minecraft\HORIZONS_CHUNK_SERVER\Server\config\lootr.json","1176","424ABF583D23598EECB8BF7FBB2F4AF2C4070131F90F1BF4BC3056C69F3AEABD"
"C:\Minecraft\HORIZONS_CHUNK_SERVER\Server\config\midnightlib.json","37","B14C45C6447F9EE5474D70784A2EF96731ABBECA1E92485B7599E76E9DCE1444"
"C:\Minecraft\HORIZONS_CHUNK_SERVER\Server\config\modmenu.json","814","748CB550ED31F0D7F2A8FAF26CD0C659826AE10CFABC4A89EEE7D32EED98F157"
"C:\Minecraft\HORIZONS_CHUNK_SERVER\Server\config\moonlight-client.json","277","7AB26CA96EE604F63A0CF19469E344B13A02EEAE9FD57C1CCE4D423502E24F14"
"C:\Minecraft\HORIZONS_CHUNK_SERVER\Server\config\morebows_bowstats.json","897","1587EB09A862266B9F182E5266C51ED77129F440BFD0A38AECBD66811BE54BA8"
"C:\Minecraft\HORIZONS_CHUNK_SERVER\Server\config\morebows_general.json","193","73D6B054D480BD7FB4FBD05A8420D8FFD67D028EDB8F6DBDA3D84795AFE533F5"
"C:\Minecraft\HORIZONS_CHUNK_SERVER\Server\config\netherportalspread.json5","2366","9C3A9608B32AA673371642522A9D6327A9BA2139CA22E9BFA60BEBBA97F9A8DA"
"C:\Minecraft\HORIZONS_CHUNK_SERVER\Server\config\niftycarts-client.toml","448","F7F4D1218051BC287524CC41F2941EEE3D19C4916BB8403A517E57067254BC7A"
"C:\Minecraft\HORIZONS_CHUNK_SERVER\Server\config\niftycarts-common.toml","1516","C9EB7CD7061B4FD9358932E7D4FE75B1C2DEFD75D7E849C8CEED8942B33B8E1E"
"C:\Minecraft\HORIZONS_CHUNK_SERVER\Server\config\noindium.json","88","0EC99E2AEBCEFEDCF1D5681B6D9CD83D5ED6AF32CB8004DB0D0699C47BEB1164"
"C:\Minecraft\HORIZONS_CHUNK_SERVER\Server\config\notenoughcrashes.json","156","E604A3705CA2ADF9499A412AFEFC61FB589448DE43E4652DB6232F94699E3950"
"C:\Minecraft\HORIZONS_CHUNK_SERVER\Server\config\nyfsspiders.json","70","507309E0FFD6AE56739C71701E7F4D6376C4C4728B88E3DE886D08436C749325"
"C:\Minecraft\HORIZONS_CHUNK_SERVER\Server\config\patchouli.json5","1063","F025FE9200C89F808A4459CE10B332A2F763C3D6D9622DE61B10278E54161117"
"C:\Minecraft\HORIZONS_CHUNK_SERVER\Server\config\ping-wheel.json","359","41C4FF6F1CB894359D3B7AFE7D5E6C7550B07D3DBEACE1B2C972160F80F844CA"
"C:\Minecraft\HORIZONS_CHUNK_SERVER\Server\config\ping-wheel.server.json","78","8734108305BD6E524D784B81B531E1350046878391DF8E2634E8BD6022E39742"
"C:\Minecraft\HORIZONS_CHUNK_SERVER\Server\config\puzzlesapi-iteminteractions-client.toml","2988","A6AAFF33ECABCD21BD315E1F8167716FAA333D64E5DC166B270A26274C5CBDD0"
"C:\Minecraft\HORIZONS_CHUNK_SERVER\Server\config\puzzlesapi-iteminteractions-server.toml","675","86FF328A054A94AD7845364EEE53B77273614C13643D9B35BBA1B430ED7123F7"
"C:\Minecraft\HORIZONS_CHUNK_SERVER\Server\config\puzzlesapi-slotcycling-client.toml","1065","480697AE74306CDCD17EED12A34795B7856F00D183D06CE69FD0FBF046C54C2E"
"C:\Minecraft\HORIZONS_CHUNK_SERVER\Server\config\resourceful-config-web.json","196","D53D3A51F4044E1301E217FA97763C3119826826C3A0C36178973B54EF514965"
"C:\Minecraft\HORIZONS_CHUNK_SERVER\Server\config\ribbits-fabric-1_20_1.toml","35","0471379B8C6F11B6D0F32D894F48FBC8A6A7DDD783128AE3AC03DFE65D3B752C"
"C:\Minecraft\HORIZONS_CHUNK_SERVER\Server\config\ribbits-options.json","33","671EE75B5333F98D3A9B92FCFCC79C7DF7A6B4C0E5CDA025A7B449AB79562B2B"
"C:\Minecraft\HORIZONS_CHUNK_SERVER\Server\config\rightclickharvest.json","78","56EF07EA78079BBD2E452724718D9816F1D69A4DDB4A111AAF6752CF6E9D5032"
"C:\Minecraft\HORIZONS_CHUNK_SERVER\Server\config\rrp.properties","148","F2AF0DFD6C7A4056920A2AB6B9ECA3A7D453EFBDAB74F8F8AC698E00DFA2C602"
"C:\Minecraft\HORIZONS_CHUNK_SERVER\Server\config\sawmill-common.json","608","FFFC49689798B0EBC8495CF84596A43DF633DE888E305BED42E2814BFAACF535"
"C:\Minecraft\HORIZONS_CHUNK_SERVER\Server\config\scout.css","238","353B31922DE9FABFBBB899CB6686052D004165E020E26E9C2395DD1EAAE075BF"
"C:\Minecraft\HORIZONS_CHUNK_SERVER\Server\config\showmeyourskin-server.json","67","483F1A0209C8509C1505B15BED44108EE57E8B233152DAFA1BE0311C686D941A"
"C:\Minecraft\HORIZONS_CHUNK_SERVER\Server\config\showmeyourskin.json","1345","8D73E9EB6B9FC23AA969D0FABB5DC22C32E3A84ACA7CF0B2C2717D922619B648"
"C:\Minecraft\HORIZONS_CHUNK_SERVER\Server\config\sit.json5","331","BC71786C59BCCA2B8EC900A16F8288232F257F546B7F8734BC17F79D9320B6E4"
"C:\Minecraft\HORIZONS_CHUNK_SERVER\Server\config\smallships-client.toml","1187","46D31034E3908EE0ED92EFE97082439BB938792D8DFAF69A75E451FD1F1F3F7F"
"C:\Minecraft\HORIZONS_CHUNK_SERVER\Server\config\smallships-common.toml","6271","A5B1F5F7129F9EF1916EE0C0B7DE6478FDD2C5C8F8DA6F66C9CB2558749C0D1B"
"C:\Minecraft\HORIZONS_CHUNK_SERVER\Server\config\snuffles.json","59","01E3149D54FD73843CDDDE4F2701AA1E9DC782EA3354C92A9865AE5450CAD58C"
"C:\Minecraft\HORIZONS_CHUNK_SERVER\Server\config\sodium-fingerprint.json","427","3F3741E2EB9E40A6D072DE32B5D2B44A4B507693F3A75C2EAD662D0A647FA4CE"
"C:\Minecraft\HORIZONS_CHUNK_SERVER\Server\config\sodium-mixins.properties","265","8939DF3A10627CF3B9A3CC0E2824337923E9A26D11E60F5A1F7C0CFBD171A574"
"C:\Minecraft\HORIZONS_CHUNK_SERVER\Server\config\sodium-options.json","633","D0BFB688B5EE267EC1F758414389013906473604B41A260853C690B4F28EB96A"
"C:\Minecraft\HORIZONS_CHUNK_SERVER\Server\config\spawnermod.json","5398","A06C34CE775D543FA336A1C6DC9B6E880EB251B02FAC0EAFB4437EB894F6321B"
"C:\Minecraft\HORIZONS_CHUNK_SERVER\Server\config\sponsor-core.json","114","81FFDB3915613E095156F19A75A46B0A408A677D36C2D730477A31643C4A3632"
"C:\Minecraft\HORIZONS_CHUNK_SERVER\Server\config\status-effect-bars.json","666","9D6B9CEE844E073D40DE18FDFB268C267978A3CB0E64F1D1F17F79E6BF688A70"
"C:\Minecraft\HORIZONS_CHUNK_SERVER\Server\config\strawdummy.json","29","DB172D2253FE40B044C85B14DDCE86FB2982CF47F08D95F5BF0AFCA1D4BC3C6B"
"C:\Minecraft\HORIZONS_CHUNK_SERVER\Server\config\surveyor.toml","3132","0C195D4D65582474DFCD6EF31482E87F196CA257A907FD1DF345C5A2D298E7EE"
"C:\Minecraft\HORIZONS_CHUNK_SERVER\Server\config\tectonic.json","1260","EA44BE71712CBAD585FE349268E7F5DFB3AA123EF189ACC74437547EF20FA5C6"
"C:\Minecraft\HORIZONS_CHUNK_SERVER\Server\config\the_bumblezone.json","4413","90E89ADA72CB4AE76B40394C77F1DF125EE078D2A9140827E18724397AD6C6F4"
"C:\Minecraft\HORIZONS_CHUNK_SERVER\Server\config\trimeffects-config.json","850","0E168E26BB4E6E499BA56642096E7205D8DB83729B3A6AECE73A7CD7ADB14197"
"C:\Minecraft\HORIZONS_CHUNK_SERVER\Server\config\voidz.json5","85","F4C5A0D0A31BBC198B8ECC26CDC58851CF1E102A1E5EC3EE1C8E4302FD0B1DC7"
"C:\Minecraft\HORIZONS_CHUNK_SERVER\Server\config\waveycapes.json","179","8BA8CAF036BAC59033157842F7812CF3ECA3434A02D2E7E59648214FE42C48FC"
"C:\Minecraft\HORIZONS_CHUNK_SERVER\Server\config\weaponmasterconfig.properties","4486","10E542E196C40D105F02456DBC14ECBF49529853EA4FF84FB9EDD53C3954D526"
"C:\Minecraft\HORIZONS_CHUNK_SERVER\Server\config\weaponmaster_ydm_config.properties","7285","A3ADD48A466E1D87F5D3EE6D6FDEF170DF75AA87BEE90198AEB2DE200F4E9990"
"C:\Minecraft\HORIZONS_CHUNK_SERVER\Server\config\world-host-friends.json","2","4F53CDA18C2BAA0C0354BB5F9A3ECBE5ED12AB4D8E11BA873C2F11161202B945"
"C:\Minecraft\HORIZONS_CHUNK_SERVER\Server\config\world-host.json5","331","2135AF67CE23A977EAC3E592083EA9176AEA1A85A63F194EC2B8D8252DF83209"
"C:\Minecraft\HORIZONS_CHUNK_SERVER\Server\config\yacl.json5","35","D26A63D3CDF326412BA86DCC2781060BC53ED6C74AC7808E65325452E264E820"
"C:\Minecraft\HORIZONS_CHUNK_SERVER\Server\config\zoomify.json","713","60A78FE1B271CE9B53E295235EB5A7CDB3A8692CA583FDAA7F5BC09F9049E2F4"
"C:\Minecraft\HORIZONS_CHUNK_SERVER\Server\config\betterdeserttemples\README.txt","722","3646BC39BE8C42A1432506E77721F3B963D33948D4BBD4CD5A10703834979116"
"C:\Minecraft\HORIZONS_CHUNK_SERVER\Server\config\betterdeserttemples\fabric-1_20\armorstands.json","1104","61281ECE80699842F8425D0C52039E44550A9235235C97709B2C0BFDE07ACA44"
"C:\Minecraft\HORIZONS_CHUNK_SERVER\Server\config\betterdeserttemples\fabric-1_20\itemframes.json","614","F8AE7205AC21EB224EBFB7D3DB9356EE53F8D0B4FC8AB6159D936EC1B25A2651"
"C:\Minecraft\HORIZONS_CHUNK_SERVER\Server\config\betterdeserttemples\fabric-1_20\README.txt","1683","80BA474FDD1912739A1DC3326DE6539CCFCEB9D5C97F540131B567E295A7B112"
"C:\Minecraft\HORIZONS_CHUNK_SERVER\Server\config\betterfortresses\README.txt","875","A4E97263D2F099FCBC3FD7646C85C562E1EB7659BFA5FF66B11F76AFAA2F9C06"
"C:\Minecraft\HORIZONS_CHUNK_SERVER\Server\config\betterfortresses\fabric-1_20\itemframes.json","901","BAB4B8A0AB3400605E80F2C4FFEB9DC538D323E74435476FC168E886D39E79CC"
"C:\Minecraft\HORIZONS_CHUNK_SERVER\Server\config\betterfortresses\fabric-1_20\README.txt","1339","1175DBF9CD2E7C91B1C852A51E3C0203C68484917E877465B283E2370AD62864"
"C:\Minecraft\HORIZONS_CHUNK_SERVER\Server\config\betterstrongholds\README.txt","706","70AADCA974D0ADFE90F98930E23C15076B3D2E625C88E8C2AA6721D91A8C035F"
"C:\Minecraft\HORIZONS_CHUNK_SERVER\Server\config\betterstrongholds\fabric-1_20\armorstands.json","1131","C53AC76E109F94E143651EF3176FB71ECAF8000B8A5E5943181F6A1DFDE9548D"
"C:\Minecraft\HORIZONS_CHUNK_SERVER\Server\config\betterstrongholds\fabric-1_20\itemframes.json","680","6D6F8D09F08CF20D12306CF41F14733F281BF98C8C402E30BD38EB895D4D2F41"
"C:\Minecraft\HORIZONS_CHUNK_SERVER\Server\config\betterstrongholds\fabric-1_20\ores.json","346","D9E4B399FF9685B3FECAB8E9B7B74331FB87865511F9EC0F5547433AF55CF70B"
"C:\Minecraft\HORIZONS_CHUNK_SERVER\Server\config\betterstrongholds\fabric-1_20\rareblocks.json","238","0262B3192A9D2C4D5C8AA693AA442563A193C901A374AFC22FC9440867343753"
"C:\Minecraft\HORIZONS_CHUNK_SERVER\Server\config\betterstrongholds\fabric-1_20\README.txt","2817","C857BDA54AB01CA5DB21CFE085DC75DCBB13D26054463CF301C74023783612FC"
"C:\Minecraft\HORIZONS_CHUNK_SERVER\Server\config\chunky\config.json","146","C7384A22595488F79F3125B22CC175EB729267267807A084479419349797ABC8"
"C:\Minecraft\HORIZONS_CHUNK_SERVER\Server\config\chunky\tasks\minecraft\overworld.properties","136","7FBEF0B71A040D39BAD6A3F3AFA9F7938F987F38A1643387F27EB7FF363718F1"
"C:\Minecraft\HORIZONS_CHUNK_SERVER\Server\config\configurable\bettertrims.json5","3875","07797BDAB7F436AE0EA24F851F6F0239947ED18444E1903E0D5DE137FB5DC459"
"C:\Minecraft\HORIZONS_CHUNK_SERVER\Server\config\fabric\indigo-renderer.properties","290","20BA7E3EE74FA282B1109B3A2AF4C2A0CC30F5C90A8BD9E6011F6F364F1B2910"
"C:\Minecraft\HORIZONS_CHUNK_SERVER\Server\config\fancymenu\customizablemenus.txt","55","6F839FAD9A09709E9C2D1B269218DA6A515EA31495575DE5BDBC901147740327"
"C:\Minecraft\HORIZONS_CHUNK_SERVER\Server\config\fancymenu\custom_gui_screens.txt","51","FF492043EAF454C46E949D5EEF32ECE90CC5A19FEB50A161DD29A43B5732C880"
"C:\Minecraft\HORIZONS_CHUNK_SERVER\Server\config\fancymenu\legacy_checklist.txt","42","9A25D3DC708E43EABAFCE5479A13C02DAE15BC7F673AFB2745B8B2BA48A97DC0"
"C:\Minecraft\HORIZONS_CHUNK_SERVER\Server\config\fancymenu\options.txt","1756","C1058015836B4944CAD7FCDE66632DEA6A8107B4084EA2CF2796F2EDD91BF252"
"C:\Minecraft\HORIZONS_CHUNK_SERVER\Server\config\fancymenu\user_variables.db","23","3D7D4CDA73D6BDE134A568CCBE4E8D2E7FBE701570012B71FA45ACDB2258C823"
"C:\Minecraft\HORIZONS_CHUNK_SERVER\Server\config\fancymenu\assets\IMG.png","18525866","A97221DE8950EA3C6D20A7FF4D0C27E269DA00D78F66C958A391325537ADC897"
"C:\Minecraft\HORIZONS_CHUNK_SERVER\Server\config\fancymenu\assets\oso.gif","41749","98BF513A9D822F1FF4A53C79C9385EA58CBC2B7524F2AEC5236478D407C70738"
"C:\Minecraft\HORIZONS_CHUNK_SERVER\Server\config\fancymenu\assets\pop.webp","11358","D188E8F603A1B527716A38763543A32F6D236606D39E250A566EA5355B9D0F90"
"C:\Minecraft\HORIZONS_CHUNK_SERVER\Server\config\fancymenu\assets\quit.png","3638","16443767178475AF1560F4F07BEF04AEA703AA2B90E96ED9030B92C76B277563"
"C:\Minecraft\HORIZONS_CHUNK_SERVER\Server\config\fancymenu\assets\tri.gif","217286","10907A7B1F0313824B1B793289BEF058F60203714B3D22C1BF5A045F8FB2A536"
"C:\Minecraft\HORIZONS_CHUNK_SERVER\Server\config\fancymenu\customization\rubiusfix.txt","14889","F9B9726FEA8CC6CAA1C09B9ACA3D47183E53E12A30A5B19603B04820C98204CC"
"C:\Minecraft\HORIZONS_CHUNK_SERVER\Server\config\fancymenu\layout_editor\widgets\element_layer_control.lewidget","198","D4E66BC22FCFA56158CA7100017623C71B1437FB4722229B6E064E0A48A5F5DE"
"C:\Minecraft\HORIZONS_CHUNK_SERVER\Server\config\fancymenu\ui_themes\dark.json","4133","43AC9BEE88F1A4C9B66FEE0D4B6FCEC14A52FEAB46BF803928AABED96F510CC9"
"C:\Minecraft\HORIZONS_CHUNK_SERVER\Server\config\fancymenu\ui_themes\light.json","4135","6954379D658FDF496F162792A3244F0F08635858ED4B0553A718A7EF63B8A620"
"C:\Minecraft\HORIZONS_CHUNK_SERVER\Server\config\graveyard\the-graveyard-3.0-config.json5","5084","D3C4B80ECC098946480EF5186657C671520A2D0592D30AD4B49A4EC2AE40AADA"
"C:\Minecraft\HORIZONS_CHUNK_SERVER\Server\config\iceandfire\iaf-client.json","157","41CC338FD4EAB17C65D74CCCDC45ABF49643035FE841A7B04062D9BFE06FE9F7"
"C:\Minecraft\HORIZONS_CHUNK_SERVER\Server\config\iceandfire\iaf-common.json","3054","8D9414052328C9E6E4C178C1A58E78ECBCCBCDAF0536DCF5637DA181188585DC"
"C:\Minecraft\HORIZONS_CHUNK_SERVER\Server\config\iceandfire\iceandfire_common_2025-01-21 18-38-50.json","3054","8D9414052328C9E6E4C178C1A58E78ECBCCBCDAF0536DCF5637DA181188585DC"
"C:\Minecraft\HORIZONS_CHUNK_SERVER\Server\config\iceandfire\iceandfire_common_2025-01-21 18-40-03.json","3054","8D9414052328C9E6E4C178C1A58E78ECBCCBCDAF0536DCF5637DA181188585DC"
"C:\Minecraft\HORIZONS_CHUNK_SERVER\Server\config\iceandfire\iceandfire_common_2025-01-21 18-45-25.json","3054","8D9414052328C9E6E4C178C1A58E78ECBCCBCDAF0536DCF5637DA181188585DC"
"C:\Minecraft\HORIZONS_CHUNK_SERVER\Server\config\iceandfire\iceandfire_common_2025-01-21 18-45-51.json","3054","8D9414052328C9E6E4C178C1A58E78ECBCCBCDAF0536DCF5637DA181188585DC"
"C:\Minecraft\HORIZONS_CHUNK_SERVER\Server\config\iceandfire\iceandfire_common_2026-09-25 07-06-56.json","3054","8D9414052328C9E6E4C178C1A58E78ECBCCBCDAF0536DCF5637DA181188585DC"
"C:\Minecraft\HORIZONS_CHUNK_SERVER\Server\config\iceandfire\iceandfire_common_2026-09-25 07-08-31.json","3054","8D9414052328C9E6E4C178C1A58E78ECBCCBCDAF0536DCF5637DA181188585DC"
"C:\Minecraft\HORIZONS_CHUNK_SERVER\Server\config\iceandfire\iceandfire_common_2026-09-25 07-11-00.json","3054","8D9414052328C9E6E4C178C1A58E78ECBCCBCDAF0536DCF5637DA181188585DC"
"C:\Minecraft\HORIZONS_CHUNK_SERVER\Server\config\iceandfire\iceandfire_common_2026-09-25 07-11-08.json","3054","8D9414052328C9E6E4C178C1A58E78ECBCCBCDAF0536DCF5637DA181188585DC"
"C:\Minecraft\HORIZONS_CHUNK_SERVER\Server\config\iceandfire\iceandfire_common_2026-09-25 07-52-49.json","3054","8D9414052328C9E6E4C178C1A58E78ECBCCBCDAF0536DCF5637DA181188585DC"
"C:\Minecraft\HORIZONS_CHUNK_SERVER\Server\config\iceandfire\iceandfire_common_2026-09-25 07-54-15.json","3054","8D9414052328C9E6E4C178C1A58E78ECBCCBCDAF0536DCF5637DA181188585DC"
"C:\Minecraft\HORIZONS_CHUNK_SERVER\Server\config\iceandfire\iceandfire_common_2026-09-25 07-55-41.json","3054","8D9414052328C9E6E4C178C1A58E78ECBCCBCDAF0536DCF5637DA181188585DC"
"C:\Minecraft\HORIZONS_CHUNK_SERVER\Server\config\iceandfire\iceandfire_common_2026-09-25 07-58-54.json","3054","8D9414052328C9E6E4C178C1A58E78ECBCCBCDAF0536DCF5637DA181188585DC"
"C:\Minecraft\HORIZONS_CHUNK_SERVER\Server\config\iceandfire\iceandfire_common_2026-09-25 07-59-06.json","3054","8D9414052328C9E6E4C178C1A58E78ECBCCBCDAF0536DCF5637DA181188585DC"
"C:\Minecraft\HORIZONS_CHUNK_SERVER\Server\config\iceandfire\iceandfire_common_2026-09-25 08-04-28.json","3054","8D9414052328C9E6E4C178C1A58E78ECBCCBCDAF0536DCF5637DA181188585DC"
"C:\Minecraft\HORIZONS_CHUNK_SERVER\Server\config\iceandfire\iceandfire_common_2026-09-25 08-04-40.json","3054","8D9414052328C9E6E4C178C1A58E78ECBCCBCDAF0536DCF5637DA181188585DC"
"C:\Minecraft\HORIZONS_CHUNK_SERVER\Server\config\iceandfire\iceandfire_common_2026-09-25 09-26-31.json","3054","8D9414052328C9E6E4C178C1A58E78ECBCCBCDAF0536DCF5637DA181188585DC"
"C:\Minecraft\HORIZONS_CHUNK_SERVER\Server\config\iceandfire\iceandfire_common_2026-09-25 09-26-44.json","3054","8D9414052328C9E6E4C178C1A58E78ECBCCBCDAF0536DCF5637DA181188585DC"
"C:\Minecraft\HORIZONS_CHUNK_SERVER\Server\config\iceandfire\iceandfire_common_2026-09-25 09-35-07.json","3054","8D9414052328C9E6E4C178C1A58E78ECBCCBCDAF0536DCF5637DA181188585DC"
"C:\Minecraft\HORIZONS_CHUNK_SERVER\Server\config\iceandfire\iceandfire_common_2026-09-25 09-35-20.json","3054","8D9414052328C9E6E4C178C1A58E78ECBCCBCDAF0536DCF5637DA181188585DC"
"C:\Minecraft\HORIZONS_CHUNK_SERVER\Server\config\iceandfire\iceandfire_common_2026-09-25 09-39-36.json","3054","8D9414052328C9E6E4C178C1A58E78ECBCCBCDAF0536DCF5637DA181188585DC"
"C:\Minecraft\HORIZONS_CHUNK_SERVER\Server\config\iceandfire\iceandfire_common_2026-09-25 09-39-51.json","3054","8D9414052328C9E6E4C178C1A58E78ECBCCBCDAF0536DCF5637DA181188585DC"
"C:\Minecraft\HORIZONS_CHUNK_SERVER\Server\config\iceandfire\iceandfire_common_2026-09-25 09-47-06.json","3054","8D9414052328C9E6E4C178C1A58E78ECBCCBCDAF0536DCF5637DA181188585DC"
"C:\Minecraft\HORIZONS_CHUNK_SERVER\Server\config\iceandfire\iceandfire_common_2026-09-25 09-47-24.json","3054","8D9414052328C9E6E4C178C1A58E78ECBCCBCDAF0536DCF5637DA181188585DC"
"C:\Minecraft\HORIZONS_CHUNK_SERVER\Server\config\iceandfire\iceandfire_common_2026-09-25 09-48-01.json","3054","8D9414052328C9E6E4C178C1A58E78ECBCCBCDAF0536DCF5637DA181188585DC"
"C:\Minecraft\HORIZONS_CHUNK_SERVER\Server\config\iceandfire\iceandfire_common_2026-09-25 09-48-13.json","3054","8D9414052328C9E6E4C178C1A58E78ECBCCBCDAF0536DCF5637DA181188585DC"
"C:\Minecraft\HORIZONS_CHUNK_SERVER\Server\config\iceandfire\iceandfire_common_2026-09-25 10-03-15.json","3054","8D9414052328C9E6E4C178C1A58E78ECBCCBCDAF0536DCF5637DA181188585DC"
"C:\Minecraft\HORIZONS_CHUNK_SERVER\Server\config\iceandfire\iceandfire_common_2026-09-25 10-03-28.json","3054","8D9414052328C9E6E4C178C1A58E78ECBCCBCDAF0536DCF5637DA181188585DC"
"C:\Minecraft\HORIZONS_CHUNK_SERVER\Server\config\konkrete\locals\de_de.local","369","79A34CFD15C2D9C06498DC221BE79279507D9B57666CD44F8D2C2CF95D3582EF"
"C:\Minecraft\HORIZONS_CHUNK_SERVER\Server\config\konkrete\locals\en_us.local","426","FDF1864FD049B3F1B9AF1F8DB6C5125A627BE7D06A451C778DA3329843D3C39A"
"C:\Minecraft\HORIZONS_CHUNK_SERVER\Server\config\konkrete\locals\pl_pl.local","313","D38A7776E362E4DE6082078D803C1C9358D9D40526EDFE4BDFD29C552AEF76D8"
"C:\Minecraft\HORIZONS_CHUNK_SERVER\Server\config\konkrete\locals\pt_br.local","322","DCA55A2792451B31424CD5C24037141EC57CDCA51955D062DD908FA9CA6A3E9C"
"C:\Minecraft\HORIZONS_CHUNK_SERVER\Server\config\netherportalspread\spreadsettings.txt","1105","157D91291A0366048ED77845CA9001516AAC7A5A59565587257B23376B87EE3F"
"C:\Minecraft\HORIZONS_CHUNK_SERVER\Server\config\pickupnotifier\pickupnotifier-client.toml","3355","737F4D6C8C1F0C4559210741CE6EFC7E56C8EB2C2DF64806E35AFD899915C2DA"
"C:\Minecraft\HORIZONS_CHUNK_SERVER\Server\config\pickupnotifier\pickupnotifier-server.toml","213","A557C039BFFA0A7CD3869BB469E5A9198AAA7DA90A764C0898092C653D7EB54C"
"C:\Minecraft\HORIZONS_CHUNK_SERVER\Server\config\roughlyenoughitems\collapsible.json5","46","A59667BAA54738C1B294393A9B3652BCF7D392CDB8CBA1C08A8006885B18E919"
"C:\Minecraft\HORIZONS_CHUNK_SERVER\Server\config\roughlyenoughitems\config.json5","6439","D4BE6492FAF0C33E7BFDFF705A3C35C8A8DD71084CAAD323C88A3D6529A37D49"
"C:\Minecraft\HORIZONS_CHUNK_SERVER\Server\config\roughlyenoughitems\favorites.json5","61","589C13E9EBBB9AE1B868D73BE8C4E30323DCB03EFACF59D75B9D614F1B069B47"
"C:\Minecraft\HORIZONS_CHUNK_SERVER\Server\config\roughlyenoughitems\hints.json","59","49B90362531060F16137B7648D68E3F6A6C60631C19EA5E168DE018BA43CCFE2"
"C:\Minecraft\HORIZONS_CHUNK_SERVER\Server\config\roughlyenoughitems\pinyin.properties","48","EB32265C6A2A5C694435B7690D5F059784DE86D427F1DE3AA4F9E9D6C0FA1FEC"
"C:\Minecraft\HORIZONS_CHUNK_SERVER\Server\config\roughlyenoughitems\pinyin_double.properties","73","5446D2F00DB5F96648964A79BB192A2A53A998D15033F9E5416352F21447C94D"
"C:\Minecraft\HORIZONS_CHUNK_SERVER\Server\config\simplyswords_extra\backupconfig.json","71","16DA8EAAB787C22D6817798082A183ABA10243A6CE3EF21F7E2FA6A0A4447920"
"C:\Minecraft\HORIZONS_CHUNK_SERVER\Server\config\simplyswords_extra\loot_config.json5","2554","7D3B5B582C6B33ED37F038F536BB005FD89A6D0C78349B75BC9547D0BA06829F"
"C:\Minecraft\HORIZONS_CHUNK_SERVER\Server\config\simplyswords_main\gem_effects.json5","577","3E953737DCB4ED50DB8605DB74DF14983300F79F38B6F954EC0A0686BA2D82EA"
"C:\Minecraft\HORIZONS_CHUNK_SERVER\Server\config\simplyswords_main\general.json5","269","E0C4E649ECD0932E5E66534CD6EB34BEB3C3954CA6F985646879CD7775C24718"
"C:\Minecraft\HORIZONS_CHUNK_SERVER\Server\config\simplyswords_main\loot.json5","1261","6DD8D790A6301B06D3DFA54C550F9A9C912034E3E4674084D95CBAE5ADCCCB48"
"C:\Minecraft\HORIZONS_CHUNK_SERVER\Server\config\simplyswords_main\runic_effects.json5","1629","07E0A8995B5E2D948A20910B9E3FED8D88733F677D384A5EA78589A9D9981F82"
"C:\Minecraft\HORIZONS_CHUNK_SERVER\Server\config\simplyswords_main\status_effects.json5","20","4FA38AC43A2D8F996F7800C9D61235C3800BFD3CAE7F6BA2D76093665BEC8FB2"
"C:\Minecraft\HORIZONS_CHUNK_SERVER\Server\config\simplyswords_main\unique_effects.json5","5507","F939B3C7E04AC677DA5A6F83EF56D52DDAEB869CD98D7FF2DCCFA3EF83EF63D8"
"C:\Minecraft\HORIZONS_CHUNK_SERVER\Server\config\simplyswords_main\weapon_attributes.json5","5926","6F794AB26CCEC8D189C3E15374CB1AD965ACAFF5F3DCF0402387218EE02638CB"
"C:\Minecraft\HORIZONS_CHUNK_SERVER\Server\config\sound_physics_remastered\allowed_sounds.properties","98409","2A2C39E57A96D45672448EF3F685DFB71C7968A0F294DFB7E4BDD5F0526A64D2"
"C:\Minecraft\HORIZONS_CHUNK_SERVER\Server\config\sound_physics_remastered\occlusion.properties","4879","C48740E25AE4939BB3B08DC6577484F65DCF91A9106B3E05E3C7E90FDFFBCD7D"
"C:\Minecraft\HORIZONS_CHUNK_SERVER\Server\config\sound_physics_remastered\reflectivity.properties","4713","14E0476D6D06150261111F30B20D20D03E993384FB3F5E52F317B7F32CFD68A0"
"C:\Minecraft\HORIZONS_CHUNK_SERVER\Server\config\sound_physics_remastered\soundphysics.properties","4908","C9E79968413B6D27A548872869C347D8006B29878CB05210C9B24B4BE5EFE45A"
"C:\Minecraft\HORIZONS_CHUNK_SERVER\Server\config\spark\config.json","117","992BA9F3A4A7CE3DE112EB95575328956FDC3CE6781C455EBCE7B23DB7E7DA42"
"C:\Minecraft\HORIZONS_CHUNK_SERVER\Server\config\vcinteraction\vcinteraction.properties","388","7C0358B873133C8CE0882C5B1971ECBA655A7996E6D0E53EF9AB313E33181D53"
"C:\Minecraft\HORIZONS_CHUNK_SERVER\Server\config\voicechat\translations.properties","1133","B8215B84232BE41438FFB7C7304B57B0677C9CAD49B717DB59900872080ADF20"
"C:\Minecraft\HORIZONS_CHUNK_SERVER\Server\config\voicechat\username-cache.json","98","66CF865B6C65CA305DDBF08A226F3130C20C3DE0A7E1D3E9460BFD8328CAFF8B"
"C:\Minecraft\HORIZONS_CHUNK_SERVER\Server\config\voicechat\voicechat-client.properties","3810","4CC9537DAF3ED7F229C5915D3CFC3F67F3FDC877F93A4BF53193F0F00C17EB40"
"C:\Minecraft\HORIZONS_CHUNK_SERVER\Server\config\voicechat\voicechat-server.properties","1861","3FE5EDFBAD43F77F9A565D20EDBFBAE05706EAA407C4143BED03F284347EFDA0"
"C:\Minecraft\HORIZONS_CHUNK_SERVER\Server\config\voicechat\voicechat-volumes.properties","37","58242EF3075B166845E0081281B01113A55B9D095104A68B167E7B4BC08B87C5"
"C:\Minecraft\HORIZONS_CHUNK_SERVER\Server\mods\adventurez-1.4.20.jar","4952938","59663CB3D9D6DD16605EF5D18179889AF730E9175871843C6B48A66168E8C11A"
"C:\Minecraft\HORIZONS_CHUNK_SERVER\Server\mods\another_furniture-fabric-1.20.1-3.0.1.jar","2733280","7EDD08C7C9D627514E1008EA8631511402609251F53B8C3470278FC69F7C7AE5"
"C:\Minecraft\HORIZONS_CHUNK_SERVER\Server\mods\antique-atlas-2.11.0+1.20.jar","839574","D8598703473A70ECF65EAA7A4927926D694E0B4AEA613890DA38FB8F75A43683"
"C:\Minecraft\HORIZONS_CHUNK_SERVER\Server\mods\Aquamirae-6.jar","16111383","90154FE55679046BE1736013B2A495641B18CF27D8C2E56E79AD5E736746C56F"
"C:\Minecraft\HORIZONS_CHUNK_SERVER\Server\mods\architectury-9.2.14-fabric.jar","585207","BD7A7032BEDB2FF96C6991A846A44C857336A51442A105F5859017E8BA9D1321"
"C:\Minecraft\HORIZONS_CHUNK_SERVER\Server\mods\AttributeFix-Fabric-1.20.1-21.0.4.jar","17975","40583A0336C3106CAE0624045FEE09F1E271FC5840F4E6B21CEC7867DE176059"
"C:\Minecraft\HORIZONS_CHUNK_SERVER\Server\mods\BeaconOverhaul-1.8.4+1.20.jar","370540","B7D19855A3958B720F830997F2174AFC83FBAA9CC42D04649D96EA534036D2C1"
"C:\Minecraft\HORIZONS_CHUNK_SERVER\Server\mods\BeansBackpacks-fabric-1.20.1-2.0.2.jar","1179413","47A5DD175D8609D257811549C90E6EF7DEC72EC287C328D2CB034BBEA2E4246B"
"C:\Minecraft\HORIZONS_CHUNK_SERVER\Server\mods\bestylewither-fabric-mc1.20-1.6.1.jar","173759","5CEF94C999A9CBF8B1346FD5995692C6A001929AECBDD48156D50D074BF9D259"
"C:\Minecraft\HORIZONS_CHUNK_SERVER\Server\mods\BetterTrims-3.2.8-fabric+1.20.1.jar","735026","6D098B0552C56B776D1F176CE05BF79C6A56A47445700AC559E0588BC03C73CA"
"C:\Minecraft\HORIZONS_CHUNK_SERVER\Server\mods\BOMD-1.7.5-1.20.1.jar","2746075","85BEC458BA79760BE82085657865631AFBBCD82E7B55B4948E63451C0DC685F2"
"C:\Minecraft\HORIZONS_CHUNK_SERVER\Server\mods\Bookshelf-Fabric-1.20.1-20.2.13.jar","322180","4DA44061C9DAF2C8B44531609F381B9B92BB207D9709753EAD3B6EF1F6ADCD7A"
"C:\Minecraft\HORIZONS_CHUNK_SERVER\Server\mods\c2me-fabric-mc1.20.1-0.2.0+alpha.11.5.jar","1301166","16A91977A48BFD1FC93E361204FDC95A5A8B3A261A136630BFDE229F54B589AB"
"C:\Minecraft\HORIZONS_CHUNK_SERVER\Server\mods\cardinal-components-api-5.2.2.jar","221901","FF64B5B9C9D7AAFA28E39CD34BE0CFEEAF978DA850DDF3983BA3073A2ACDACE1"
"C:\Minecraft\HORIZONS_CHUNK_SERVER\Server\mods\carryon-fabric-1.20.1-2.1.2.7.jar","443033","8D25FB164FC4CC15CD9123A915C880C55527EFE3FEC26B2C7FEBF09E65C6EBDD"
"C:\Minecraft\HORIZONS_CHUNK_SERVER\Server\mods\cavedweller-1.3.0.jar","844608","2C236A533181009500D624A9583495FAB7FD5BAC614BB6AC1AF4E046C00BFCA5"
"C:\Minecraft\HORIZONS_CHUNK_SERVER\Server\mods\chunkloaders-1.2.8a-fabric-mc1.20.1.jar","156001","698D58ED3BF138F6ED250BCDD5FD7219736715B318E0CD121B3F0E0D09E29167"
"C:\Minecraft\HORIZONS_CHUNK_SERVER\Server\mods\Chunky-1.3.146.jar","344004","AE7FB9D35A3A9D9D4F2104AEAE7B31A901C5E5842891E2EDD9DDCC42C2646A38"
"C:\Minecraft\HORIZONS_CHUNK_SERVER\Server\mods\cicada-lib-0.8.0+1.20.1.jar","85671","C5C74D3C99B1C1C666B79D7847E09FB2B635E89F82A40766C54A5910A23AFDA0"
"C:\Minecraft\HORIZONS_CHUNK_SERVER\Server\mods\cloth-config-11.1.118-fabric.jar","1159192","1A5B6BFC5ABB0516B2AA883F99DDFF11AF2FAA5CEBDF33BEB52CD4E3CD37BB75"
"C:\Minecraft\HORIZONS_CHUNK_SERVER\Server\mods\collective-1.20.1-7.84.jar","647473","4B7871E56A013B2FED13A6CDA2F1216CB282FB00C7681BF5C1BDCED22A561B07"
"C:\Minecraft\HORIZONS_CHUNK_SERVER\Server\mods\comforts-fabric-6.4.0+1.20.1.jar","693624","F9852A749B5154CBB0E97651CD0A1718382FCDFEBDEA86813BB118B16EE1096B"
"C:\Minecraft\HORIZONS_CHUNK_SERVER\Server\mods\Configurable-2.2.3-fabric-yarn+1.20.1.jar","643570","2E04886A23EA3C0CA05F26A3BC56BE61C379482B5F35CF89C134D1C67675D0A3"
"C:\Minecraft\HORIZONS_CHUNK_SERVER\Server\mods\connectedglass-1.1.11-fabric-mc1.20.1.jar","957720","02932F672196B49E578870B2F6B7572AA740BCD3E4700384B8F11524DC8B4FE9"
"C:\Minecraft\HORIZONS_CHUNK_SERVER\Server\mods\crab-fabric-1.20.2-1.0.2.jar","68874","6AEDEA0AC930C6F54E57D36A82ED2B39240821DD8788B13BFFB9657A9EDEE3ED"
"C:\Minecraft\HORIZONS_CHUNK_SERVER\Server\mods\CreativeCore_FABRIC_v2.12.24_mc1.20.1.jar","1208841","82E5FB42C8B6EA179877158666073FDA11560D2101A0804496D61DE9AD3B000B"
"C:\Minecraft\HORIZONS_CHUNK_SERVER\Server\mods\creeperoverhaul-3.0.2-fabric.jar","1451306","CDBFBDFE66DAB1791B9A79F11FFFA64615E7D8F70A8DBE2228AED7F147E32D43"
"C:\Minecraft\HORIZONS_CHUNK_SERVER\Server\mods\deeperdarker-fabric-1.20-1.3.3.jar","17848630","037B784DC121166A510C324575685AA156C8368CFFC19866765DCD7EE20CC25D"
"C:\Minecraft\HORIZONS_CHUNK_SERVER\Server\mods\DistantHorizons-2.3.4-b-1.20.1-fabric-forge.jar","17926585","1839192370C215CADDFDB4D228DFCFB7537B6EA3D237321581B9200C28C47996"
"C:\Minecraft\HORIZONS_CHUNK_SERVER\Server\mods\doubledoors-1.20.1-5.9.jar","49193","B4308561BAE59657E5F80F82EA98BACD0E71C1626EF105E46F412DEA92D2A2CB"
"C:\Minecraft\HORIZONS_CHUNK_SERVER\Server\mods\do_a_barrel_roll-fabric-3.6.1+1.20.1.jar","502529","C9C337AB040331814E093392F05F93BE10F0FE5846FE59649DD718E714C8E155"
"C:\Minecraft\HORIZONS_CHUNK_SERVER\Server\mods\dungeons-and-taverns-3.0.3.f.jar","13161726","1DA45BAA734DF73B1AA46F0B3F319B051C26507A911EC52BFCB1CCAE6930E4F0"
"C:\Minecraft\HORIZONS_CHUNK_SERVER\Server\mods\dungeons-and-taverns-stronghold-rework-1.jar","3460875","D9AAB87341C8579B9621DC41230385679E249CFA99D04AE0E0EC27EC15174467"
"C:\Minecraft\HORIZONS_CHUNK_SERVER\Server\mods\DungeonsArise-1.20.1-2.1.57-fabric-release.jar","9005634","E8EFD54576797FAFF7CC221E26A41A097E985BAA7889398DEFB15DA4135D7CF8"
"C:\Minecraft\HORIZONS_CHUNK_SERVER\Server\mods\DungeonsAriseSevenSeas-1.20.x-1.0.2-fabric.jar","250352","E1D06438A5A9618FCA45E754E7698B68B82EED15B3971AB742174C54D41D6AC9"
"C:\Minecraft\HORIZONS_CHUNK_SERVER\Server\mods\EasyAnvils-v8.0.2-1.20.1-Fabric.jar","129625","5E0099DE319E8490353C9E0207150E08D2D7D3D78E78AB85B06D818DE1F4F1ED"
"C:\Minecraft\HORIZONS_CHUNK_SERVER\Server\mods\EasyMagic-v8.0.1-1.20.1-Fabric.jar","104693","C36C2CD0E53647D76581C85DB967A18A88B53FFD42F8A2E1B6DA5482B58CDE1B"
"C:\Minecraft\HORIZONS_CHUNK_SERVER\Server\mods\EasyShulkerBoxes-v8.0.2-1.20.1-Fabric.jar","616123","0656D7410684947DCD3C53C4C6E2808BBDE1FD91481FE3425A3038602A39B989"
"C:\Minecraft\HORIZONS_CHUNK_SERVER\Server\mods\elytra_recipe_vanilla_edition-1.0.0.jar","191687","C1945FD96A9E65925FED31F31331BA6D27477581DAE2E764463A8B5F04FE6532"
"C:\Minecraft\HORIZONS_CHUNK_SERVER\Server\mods\entityculling-fabric-1.7.2-mc1.20.1.jar","68941","8403B11F2439A64C1A4D5CE4771155496302CDDA82380F9E047A0FE739AFA400"
"C:\Minecraft\HORIZONS_CHUNK_SERVER\Server\mods\exposure-1.20.1-1.7.7-fabric.jar","1308074","2436AB698E34F46BDDB1C75D80CB5E33461E5669D4B49EA9035F1B305F3366A3"
"C:\Minecraft\HORIZONS_CHUNK_SERVER\Server\mods\fabric-api-0.92.3+1.20.1.jar","2107985","6AFC625670946C1EF6C77618BF686D893AEA6D39BA190D4CDC4B2CD878421B4E"
"C:\Minecraft\HORIZONS_CHUNK_SERVER\Server\mods\fabric-language-kotlin-1.13.0+kotlin.2.1.0.jar","7089756","8A7F673B2E1315BF2CBC3CC869753E20823C43F9AA5BE596D0F74DC3C626AD92"
"C:\Minecraft\HORIZONS_CHUNK_SERVER\Server\mods\fancymenu_fabric_3.2.3_MC_1.20.1.jar","2686178","8359DD19B4B85E6A789629C4105C962B947E12BE29F55025EA532BDEEEC38D7A"
"C:\Minecraft\HORIZONS_CHUNK_SERVER\Server\mods\ferritecore-6.0.1-fabric.jar","125197","C7BA1118A05B2DA900D1C369FBE1017A3E3EC3CAFE5E51398B851279B9BECF24"
"C:\Minecraft\HORIZONS_CHUNK_SERVER\Server\mods\ForgeConfigAPIPort-v8.0.0-1.20.1-Fabric.jar","397198","91E685925FFF2FCAA51A73202A6EDC9D2435F76552A8D97AF88942C37643FD86"
"C:\Minecraft\HORIZONS_CHUNK_SERVER\Server\mods\friendsandfoes-fabric-mc1.20.1-3.0.7.jar","3619729","4877187CFFDF19688BDA550B2BBED636A770A4E5851E305DC11AD2467AE3A718"
"C:\Minecraft\HORIZONS_CHUNK_SERVER\Server\mods\From-The-Fog-1.20-v1.9.2-Forge-Fabric.jar","4749752","385BDDF654C6EDEFD35CD7F47CE7DFFFF0610D29ED9EFD49927F488DEC919FB1"
"C:\Minecraft\HORIZONS_CHUNK_SERVER\Server\mods\fusion-1.1.1-fabric-mc1.20.1.jar","215909","D771DA81F03A08CF3EAF9A474E4B44F197A6BF5D91051C03AC1BA7C07C55B3D5"
"C:\Minecraft\HORIZONS_CHUNK_SERVER\Server\mods\geckolib-fabric-1.20.1-4.4.6.jar","1019329","51A30A716B32232BB4A7ADDF9568746F34BC0661B1527D3A963B66FD5499264F"
"C:\Minecraft\HORIZONS_CHUNK_SERVER\Server\mods\global_packs-fabric-1.19.4-1.16.1_fabric.jar","230089","826C32D3CC0EEF761408C00C2B0BE090CBAB0BD08495BCA9A56CC53DC44EA487"
"C:\Minecraft\HORIZONS_CHUNK_SERVER\Server\mods\gnomemage-1.0.4.jar","561265","AD283C392C437C72AFE8D8158A4E72348BD254D20E0667F6A59FA8890118F4DC"
"C:\Minecraft\HORIZONS_CHUNK_SERVER\Server\mods\guiclock-1.20.1-4.6.jar","40270","B0BCCB0653397B123824782BF32233C7B578C1E89AF12DAF6A0DCA099FA10049"
"C:\Minecraft\HORIZONS_CHUNK_SERVER\Server\mods\guicompass-1.20.1-4.8.jar","34644","64E85C8072642CDACA9E9BC191815874CC1E42610C05DCEA2634AEEC491D76B9"
"C:\Minecraft\HORIZONS_CHUNK_SERVER\Server\mods\HangGlider-v8.0.1-1.20.1-Fabric.jar","212035","CEF0AE8ED143EA6CB31C34DB16B063D24EDAB4BE42CF4B610D6A4B08B1C0F745"
"C:\Minecraft\HORIZONS_CHUNK_SERVER\Server\mods\IceAndFireCE-1.0-beta.2-1.20.1-fabric.jar","21036967","E27064AA48F3C1AD9C6A13E1D670C0A42396288CAC9B4096E05BBC0735828970"
"C:\Minecraft\HORIZONS_CHUNK_SERVER\Server\mods\immersive_melodies-0.3.0+1.20.1-fabric.jar","2561091","17614319862B32D247E9B4FF588F70DB89423E74A579C06C4193BBA40DD45073"
"C:\Minecraft\HORIZONS_CHUNK_SERVER\Server\mods\Incendium_1.20.x_v5.3.5.jar","4638945","96068E4D66EA503EFEBB1E31D28C2D6CE85DB749049463CAB9F799C8C0AE1E75"
"C:\Minecraft\HORIZONS_CHUNK_SERVER\Server\mods\inventorio-mc1.20.1-fabric-v1.10.3.jar","357738","3D3BF44D6E62E0EAEA3D1FDD7ED1089F7EE0E3EC44534EC84413F1A668158EE9"
"C:\Minecraft\HORIZONS_CHUNK_SERVER\Server\mods\inventorymanagement-1.3.1+1.20.jar","511275","0F41DC90FD1ADE8D5D4C937E556283C95DDCDDF94821E281711F1E179DEB81D0"
"C:\Minecraft\HORIZONS_CHUNK_SERVER\Server\mods\jamlib-0.6.1+1.20.x.jar","62591","3A53A12395C1C51E5F606F919A5BEF116C72EC8C021F7713838ED4BC938294A4"
"C:\Minecraft\HORIZONS_CHUNK_SERVER\Server\mods\Jupiter-2.0-fabric.jar","176086","4DAA9582A9F4236BE9411999FA03DAD36594FC48723927D36C248D87162098C7"
"C:\Minecraft\HORIZONS_CHUNK_SERVER\Server\mods\keybind_fix-1.0.0.jar","16312","56BB61C6CBBAA5053D7C64EBE786A9A724BA7EA636B299A14283AA7FD4ADF324"
"C:\Minecraft\HORIZONS_CHUNK_SERVER\Server\mods\konkrete_fabric_1.8.1_MC_1.20.1.jar","892067","F87FC3AB29A8DF63A5214FDFA58D2F9FA645255AF64D38BA598A9F56FAFCCDB6"
"C:\Minecraft\HORIZONS_CHUNK_SERVER\Server\mods\lazydfu-0.1.3.jar","14531","4F3B77273B57D019A8DB58371E63E4426557C1BB7C9CC10536A03972122778C8"
"C:\Minecraft\HORIZONS_CHUNK_SERVER\Server\mods\lenientdeath-1.2.5+1.20.1.jar","924780","1A36DAD151C73476917BAEB85759EF9EE28BE19008DA560A5C3B2ACE360F76E6"
"C:\Minecraft\HORIZONS_CHUNK_SERVER\Server\mods\lithium-fabric-mc1.20.1-0.11.2.jar","645865","A0C595355D680E0C87BF8EAEBAFEDFF6900D4E771A8D6894EE6D2D4374DE8DF9"
"C:\Minecraft\HORIZONS_CHUNK_SERVER\Server\mods\melody_fabric_1.0.4_MC_1.20.1-1.20.4.jar","39696","3F7F5BAB77A01A26AF4702A70AF5A7FD0A6F04F4FDE51A4180113790E0C9E1E7"
"C:\Minecraft\HORIZONS_CHUNK_SERVER\Server\mods\memoryleakfix-fabric-1.17+-1.1.5.jar","49334","B8AC33D7262E019710DD25E454116616BC9ED1F714ED910594B28A4C1DA5ADDE"
"C:\Minecraft\HORIZONS_CHUNK_SERVER\Server\mods\midnightlib-fabric-1.4.1.1.jar","57229","E94C144416219F39F19483F7A52339021E09DDBF7E820CB086A087298E7E7F2B"
"C:\Minecraft\HORIZONS_CHUNK_SERVER\Server\mods\MobCaptains-v3.1.2.jar","145775","2832803CF9475B813F95679720344A7F5593D545A1E8A8F8576C726EE944305E"
"C:\Minecraft\HORIZONS_CHUNK_SERVER\Server\mods\moonlight-1.20-2.11.37-fabric.jar","1158985","99E05C7437F32446719382D0EE8A865639BE130EFD9DA7A70D2E1BB20765DF53"
"C:\Minecraft\HORIZONS_CHUNK_SERVER\Server\mods\MoreBows-1.0.11+1.20.x.jar","59115","B4CA33A2F7A041F86297F614F34738144FBEE77D25071994BA579280E5A6BB61"
"C:\Minecraft\HORIZONS_CHUNK_SERVER\Server\mods\mysticaloaktree-1.20-1.11-fabric.jar","230119","B3F5B0BA20CEF4413B23444702851888C774AEFB12665356F6F63C632B87577A"
"C:\Minecraft\HORIZONS_CHUNK_SERVER\Server\mods\netherportalspread-1.20.1-8.3.jar","59071","044580B6CB701453DCABA9A3662A00C635B0C0CB41CEC11F6E026A2F578FE59A"
"C:\Minecraft\HORIZONS_CHUNK_SERVER\Server\mods\niftycarts-3.0.2+1.20.1.jar","202440","DB367A42E02FC7D955C86B6E5ABEBA973BAFAC726DFAF582539C9A7AD127A2C0"
"C:\Minecraft\HORIZONS_CHUNK_SERVER\Server\mods\noisium-fabric-2.2.2+mc1.20-1.20.1.jar","214890","CCADE4E20596419EA53CC7647D647340AA44D2A2EC7E96952C00866AB5AB73BB"
"C:\Minecraft\HORIZONS_CHUNK_SERVER\Server\mods\notenoughcrashes-4.4.7+1.20.1-fabric.jar","136789","2D4D440FBAF3A0335C7E947B6CF564A92E3C60CEC6D448F1411902FED0B82FAC"
"C:\Minecraft\HORIZONS_CHUNK_SERVER\Server\mods\Nullscape_1.20.x_v1.2.8.jar","399214","32CCC5BEB6AD0215E06082620903E1825A1B0DF51777F3F31801B4A17E6EBCC5"
"C:\Minecraft\HORIZONS_CHUNK_SERVER\Server\mods\nyfsspiders-fabric-1.20.1-2.1.1.jar","172356","975417A07D2655E434786C8D5B6CB455CA8F6B41EA89B46EF77B7E607FF33451"
"C:\Minecraft\HORIZONS_CHUNK_SERVER\Server\mods\Obscure-API-16.jar","405700","019E625A4F515B4FAA65AE74B0BC16BC59FCC7534640BC7F76AD0F6E688DE0D9"
"C:\Minecraft\HORIZONS_CHUNK_SERVER\Server\mods\owo-lib-0.11.2+1.20.jar","905421","1C249C30D3E50BBA5CB35E0C3ACEBF4BD5F969BD33402DE2F3A6A619FD688D12"
"C:\Minecraft\HORIZONS_CHUNK_SERVER\Server\mods\Patchouli-1.20.1-84-FABRIC.jar","856882","96AD2C77ADF1D0FE1994223B5F469848D51D111B33737EFB708EBA4AD8F4D2E0"
"C:\Minecraft\HORIZONS_CHUNK_SERVER\Server\mods\PickUpNotifier-v8.0.0-1.20.1-Fabric.jar","96114","EA8B8A4D2FC8A516CC4A3700912CEEBBE73B175B38CF8349BB1BA1BDD5EF0A76"
"C:\Minecraft\HORIZONS_CHUNK_SERVER\Server\mods\Ping-Wheel-1.9.1-fabric-1.20.1.jar","107237","5A2BECF1EBB50C188B354DC37862829086FF87E2315C021926293FFE07060413"
"C:\Minecraft\HORIZONS_CHUNK_SERVER\Server\mods\plushies-1.4.0-fabric.jar","686943","F813956933F8F696C15FBDA4E5C2FAC909B915B0FC77003A58BF1999373F3889"
"C:\Minecraft\HORIZONS_CHUNK_SERVER\Server\mods\PuzzlesLib-v8.0.15-1.20.1-Fabric.jar","692564","4422CA869B897DB35F52299D8F41AB28CC62D174182E754140484D4AE92934D0"
"C:\Minecraft\HORIZONS_CHUNK_SERVER\Server\mods\PuzzlesLib-v8.1.20-1.20.1-Fabric.jar","978720","AAE26724AA8211D124DA05A8D09DF7899336C49C8A357642FAED11D8CCD0ACA6"
"C:\Minecraft\HORIZONS_CHUNK_SERVER\Server\mods\radiantgear-fabric-2.1.6+1.20.1.jar","33078","73ED42878D009D9127BCBBF322DE57C19F798BAE0212D860D8BD301352D7F350"
"C:\Minecraft\HORIZONS_CHUNK_SERVER\Server\mods\remove-terralith-intro-message-1.0.jar","95951","736EB249103EBBA9A90FE313731C67D7817B37263AD74B3400B5B4084CAE7CDF"
"C:\Minecraft\HORIZONS_CHUNK_SERVER\Server\mods\resourcefulconfig-fabric-1.20.1-2.1.2.jar","134793","FCF04AAC2E1D64F63ECF83CABC57B8058C99A34A4A9E5FA3289D83BF82E04815"
"C:\Minecraft\HORIZONS_CHUNK_SERVER\Server\mods\resourcefullib-fabric-1.20.1-2.1.25.jar","422902","930BEE200E98A734AE2EFBBD298CDAA02963738941C6E1C64ADE50EDA6FD860C"
"C:\Minecraft\HORIZONS_CHUNK_SERVER\Server\mods\Ribbits-1.20.1-Fabric-3.0.2.jar","2265582","D3274EF99A82CC36562A05420F5BC20650ED243CC8A34A9DDABF770DC03AC2C6"
"C:\Minecraft\HORIZONS_CHUNK_SERVER\Server\mods\right-click-harvest-3.2.3+1.19.x-1.20.1-fabric.jar","226850","35856B21C5E2BF6DBBD6EA67D2FA164082C8484FD3BC09E40C6BB3BEDDC63DF2"
"C:\Minecraft\HORIZONS_CHUNK_SERVER\Server\mods\RoughlyEnoughItems-12.1.725-fabric.jar","2382097","DD981B4D90C45B670770D5AFEBA59F99F97E30E4562914BD08E4DBEA6765A2A1"
"C:\Minecraft\HORIZONS_CHUNK_SERVER\Server\mods\sawmill-1.20-1.4.3-fabric.jar","569082","43942B8391EFDDA766A2AC99741045B13FD618CAF6A4E4A400914AA97682E955"
"C:\Minecraft\HORIZONS_CHUNK_SERVER\Server\mods\Scout-2.0.4+1.20.1.jar","169248","465FDC024B018A0C250FB4F90EAA40F9A402FC043262569646F08912C2CC0362"
"C:\Minecraft\HORIZONS_CHUNK_SERVER\Server\mods\serversleep-datapack.jar","9224","FA7AF5D2218581E2B250468D891F3362D3C1AB7C033A87704873118AD772D401"
"C:\Minecraft\HORIZONS_CHUNK_SERVER\Server\mods\show-me-your-skin-1.9.0+1.20.jar","262295","7145F140D00C7D58BF73FB2D1CD161D22DF450AA1CC87A136DF51FDC1192B100"
"C:\Minecraft\HORIZONS_CHUNK_SERVER\Server\mods\simplyswords-fabric-1.56.0-1.20.1.jar","15366470","DDBAF8AB85A6B003A817D0C0E817DCBDF9FCFE6B889C729FF72C4B6A3B1F3E9A"
"C:\Minecraft\HORIZONS_CHUNK_SERVER\Server\mods\SmartBrainLib-fabric-1.20.1-1.14.jar","356063","71BEC15269A4E924106F1146156D3195700A78511BFE351A7E6E0B010CF37ED0"
"C:\Minecraft\HORIZONS_CHUNK_SERVER\Server\mods\snuffles-1.0.0+1.20.jar","400603","E182E1D189F885970D333E5FC66911549AE958BDA7C34DC7486683E439724C66"
"C:\Minecraft\HORIZONS_CHUNK_SERVER\Server\mods\sound-physics-remastered-fabric-1.20.1-1.4.5.jar","195159","25A0924ACC720C7DC8D52F23459D3F4F2F48BB148E7A46D46DEE4DB10A37E8A5"
"C:\Minecraft\HORIZONS_CHUNK_SERVER\Server\mods\spark-1.10.53-fabric.jar","3082974","00C034E684FA4471B41539DC29A8D39CC6F22EB29B2FA423895EFC978A391D2D"
"C:\Minecraft\HORIZONS_CHUNK_SERVER\Server\mods\spawnermod-1.20.1-1.2.4+Fabric.jar","101643","4D602A23BBFEF9C40EF1DC93A4EA58B6A63A3637AA60E53D9EF6E06D8A8395E0"
"C:\Minecraft\HORIZONS_CHUNK_SERVER\Server\mods\strawdummy-1.9.0.jar","112627","F653BF86F0AA69201DFB1D368541EEAC262B3D52919689985B3F9FE523883DD6"
"C:\Minecraft\HORIZONS_CHUNK_SERVER\Server\mods\supermartijn642configlib-1.1.8a-fabric-mc1.20.jar","207990","FE76C8CF001878109ADBDD2F4EF877B76DDFDEFDCA91FF9B90353C2E8AF8022C"
"C:\Minecraft\HORIZONS_CHUNK_SERVER\Server\mods\supermartijn642corelib-1.1.17-fabric-mc1.20.1.jar","564556","039514A502B244365E3BB4E8EB8C3208C34AF5528175001EFE85588F55AD8558"
"C:\Minecraft\HORIZONS_CHUNK_SERVER\Server\mods\surveyor-0.6.26+1.20.jar","560422","756338C927BAB2AF07DA18A6B80E662C185F4377CDBA284AEC4DCD7AE9A97E20"
"C:\Minecraft\HORIZONS_CHUNK_SERVER\Server\mods\tectonic-fabric-1.20-2.3.5b.jar","310831","B26D9667BAC2548D219B1F9A611E2E648F8BD5E9AB784F1289D57417F2EAE67D"
"C:\Minecraft\HORIZONS_CHUNK_SERVER\Server\mods\Terralith_1.20.x_v2.5.4.jar","3156901","8F65F309D8F2723754BF4B60C7B5763D3AB6ED04B01C172109BA6564E981B95F"
"C:\Minecraft\HORIZONS_CHUNK_SERVER\Server\mods\the_bumblezone-7.4.16+1.20.1-fabric.jar","52210508","8EC8359E551A9DA9E5AB81E9D80950ED089F16606EC40409A1D647846A089886"
"C:\Minecraft\HORIZONS_CHUNK_SERVER\Server\mods\The_Graveyard_3.1_(FABRIC)_for_1.20.1.jar","10272185","3F02B4606A61A1A3C5A7447E0B332512D83ED9DC8C4A914119F7473934DD63E2"
"C:\Minecraft\HORIZONS_CHUNK_SERVER\Server\mods\torchesntrinkets-0.2.1-1.20.1-4.jar","106827","5BAD50C27F573E8AC01DF1261E9BEF36ABE92BB122BC3CC0FEB1864C3A1EC387"
"C:\Minecraft\HORIZONS_CHUNK_SERVER\Server\mods\trimmable-tools-mc1.20-v1.0.6.jar","221244","8257775C7AED3E7F2032A3EB2DE14ED32FAA5605490D5860534C4E9326FB2799"
"C:\Minecraft\HORIZONS_CHUNK_SERVER\Server\mods\trinkets-3.7.2.jar","238532","A6F11A4206C1285CD260A60D9BFE9CEFA9914D2190D08B3C52050F42044B53B3"
"C:\Minecraft\HORIZONS_CHUNK_SERVER\Server\mods\tru.e-ending-v1.1.0c.jar","5525883","3BF63A4ED7CB9A75727DA2301FE0642CE74C9E0384CDB79E9B3570D3AB320AAA"
"C:\Minecraft\HORIZONS_CHUNK_SERVER\Server\mods\uranus-2.2.2-1.20.1-fabric.jar","1048664","CEE238643BED7FE4234E76D96F26FD98B1326566AC79DE392DC30A4DC436EB7F"
"C:\Minecraft\HORIZONS_CHUNK_SERVER\Server\mods\vcinteraction-fabric-1.20.1-1.0.6.jar","404186","405BD8CDF876E7D02839F03CF07E67F69F86A99DF9028409312A7D4E6AC2BA6E"
"C:\Minecraft\HORIZONS_CHUNK_SERVER\Server\mods\voicechat-fabric-1.20.1-2.5.20.jar","8068655","F833074D341CCB403C8576E818C556C3067F53C25EEBDD67C4B451E39DF643EE"
"C:\Minecraft\HORIZONS_CHUNK_SERVER\Server\mods\voidz-1.0.11.jar","68262","61E0B6EBE62753DB893B99A9E5D4107E2234A0DAFDAE33E7CBF3297AEFAA6243"
"C:\Minecraft\HORIZONS_CHUNK_SERVER\Server\mods\waveycapes-fabric-1.4.8-mc1.20.1.jar","359832","95D517903008D84F362454EFF29CD78F93263C52571B3B7C6375BA29CC4645A9"
"C:\Minecraft\HORIZONS_CHUNK_SERVER\Server\mods\weaponmaster_ydm-fabric-1.20.1-4.2.6.jar","316932","F9B3E69C9D52743BB67CB230E1A1BB78AC4AE1A55626422672BF021898745E46"
"C:\Minecraft\HORIZONS_CHUNK_SERVER\Server\mods\wolf_port-1.0.3-1.20.1.jar","77255","D328D713ACE3C9A75DFE7602F459BD9146A61411E978A81CD11BE5A3557F5FD1"
"C:\Minecraft\HORIZONS_CHUNK_SERVER\Server\mods\YetAnotherConfigLib-3.5.0+1.20.1-fabric.jar","1148529","30D31DA80F0B93377FE1F7C56204AC9CB09D14D261273565E1D6E231FBA880C5"
"C:\Minecraft\HORIZONS_CHUNK_SERVER\Server\mods\YungsApi-1.20-Fabric-4.0.6.jar","1396331","26B6DC81F876AABF3D53EAD59E5908A8B0F5434D46C150CFD376C027AC54053E"
"C:\Minecraft\HORIZONS_CHUNK_SERVER\Server\mods\YungsBetterDesertTemples-1.20-Fabric-3.0.3.jar","1063786","790E31C2A19194B81CA0DC134694A5B9F935C5C19C50AADCFB4F90A613C19BFF"
"C:\Minecraft\HORIZONS_CHUNK_SERVER\Server\mods\YungsBetterDungeons-1.20-Fabric-4.0.4.jar","944170","6C69FD0316C448CF9C70B72DBEA424A85BE881F9ADC3E7A56E8F0B08E3611FFF"
"C:\Minecraft\HORIZONS_CHUNK_SERVER\Server\mods\YungsBetterEndIsland-1.20-Fabric-2.0.6.jar","517369","8E6183A380C17677D23D5D7790D04BF18589ED12867460ECE32327E8765046FA"
"C:\Minecraft\HORIZONS_CHUNK_SERVER\Server\mods\YungsBetterJungleTemples-1.20-Fabric-2.0.5.jar","947293","44BEE20E7F512D84686EC536AC8DD6BD07811B8E64D00EA48C470C93DD5E29E8"
"C:\Minecraft\HORIZONS_CHUNK_SERVER\Server\mods\YungsBetterMineshafts-1.20-Fabric-4.0.4.jar","621495","0A4657689217339A1F6079A2D9DDA03F6D01BEACAC59C14E093DED3357DB2B86"
"C:\Minecraft\HORIZONS_CHUNK_SERVER\Server\mods\YungsBetterNetherFortresses-1.20-Fabric-2.0.6.jar","760974","93E0E537FCF20B18C0EA340E6D4F2C20225A29C45252B9CF78E205107AB4F03A"
"C:\Minecraft\HORIZONS_CHUNK_SERVER\Server\mods\YungsBetterOceanMonuments-1.20-Fabric-3.0.4.jar","1165832","3013484BCEEE72540A1EB76D403A0C36DB0FD6D99A1E1B5A398B37CA50F27FB2"
"C:\Minecraft\HORIZONS_CHUNK_SERVER\Server\mods\YungsBetterWitchHuts-1.20-Fabric-3.0.3.jar","307196","7A1A22BE9503BB7556E86EB4471A50ACD618FC88590D54164D3599C9FDBA94E8"
"C:\Minecraft\HORIZONS_CHUNK_SERVER\Server\mods\YungsBridges-1.20-Fabric-4.0.3.jar","266481","9A4548727FD22FD06EFA5A70B4BDA0231249BE107AA5B91ACC615981D558EBB0"
"C:\Minecraft\HORIZONS_CHUNK_SERVER\Server\mods\YungsExtras-1.20-Fabric-4.0.3.jar","342639","1765D0885E8EBE530AE81F2B2AE3D6D93C842BB04E03BDBDE00F2B45C918C97A"
"C:\Minecraft\HORIZONS_CHUNK_SERVER\Server\disabled-mods\DistantHorizons-2.2.1-a-1.20.1-forge-fabric.jar","16521385","F282957CB0112F4CF2CE0FEB0ECAC73D388FAB2896B8D11C53D724F4D728D863"
"C:\Minecraft\HORIZONS_CHUNK_SERVER\Server\global_packs\required_data\horizonsDataPack.zip","13204","33A25874883F635C7CF67F83B98C4983AF1F4A8427B3FA0ABB1E3103D5974C2E"
"C:\Minecraft\HORIZONS_CHUNK_SERVER\Server\global_packs\required_resources\Default-Dark-Mode-1.20-2023.7.0.zip","664752","22A0AD68393273203649D058F1B7788CBDB08B38F6923CD9D6ADE8AE33565DC6"
"C:\Minecraft\HORIZONS_CHUNK_SERVER\Server\global_packs\required_resources\EBE_1.20.x_v1.1.zip","62318","CC1DC1CF2252B07FC5157D6982E2D1A5ABE89BA5EAB36688F75B778056DCD722"
"C:\Minecraft\HORIZONS_CHUNK_SERVER\Server\global_packs\required_resources\enchant icons 1.20 v1.3.zip","164822","9B10DC244ACFB9474F59618005B8FCEA5C99D43B71D4A7467C79DBE5AC0560FD"
"C:\Minecraft\HORIZONS_CHUNK_SERVER\Server\global_packs\required_resources\FreshAnimations_v1.9.zip","453816","24E434F4332EF645A4C985163CDCF08EEF43698F538D78DA56B1814D632B1AE1"
"C:\Minecraft\HORIZONS_CHUNK_SERVER\Server\global_packs\required_resources\HORIZONS RP.zip","15735472","C5D7E7523259F1ECC80B66A4104B51E2149AB6944A8FF0C1A320EE806DE7B466"
"C:\Minecraft\HORIZONS_CHUNK_SERVER\Server\global_packs\required_resources\[1.4] Enhanced Boss Bars.zip","187254","874BC2511C117FCEC05C88333244ED3F192E5BA8D33ABE3DCF8FC5D88BE56B12"
