"Folder","File","Id","Version","Environment","Entrypoints","Minecraft","FabricLoader","Java","Depends","Breaks","Conflicts"
"mods","adventurez-1.4.20.jar","adventurez","1.4.20","*","main,client,modmenu",">=1.20.1",">=0.14.21",">=17","{""java"":""\u003e=17"",""minecraft"":""\u003e=1.20.1"",""fabric-api"":""\u003e=0.86.0+1.20.1"",""fabricloader"":""\u003e=0.14.21"",""cloth-config2"":""\u003e=11.0.99""}","",""
"mods","another_furniture-fabric-1.20.1-3.0.1.jar","another_furniture","1.20.1-3.0.1","*","main,client",">=1.20.1",">=0.14.21","","{""fabricloader"":""\u003e=0.14.21"",""minecraft"":""\u003e=1.20.1""}","",""
"mods","Aquamirae-6.jar","aquamirae","6","*","client,main","1.20.1",">=0.14.21","","{""fabricloader"":""\u003e=0.14.21"",""fabric"":""*"",""minecraft"":""1.20.1"",""obscure_api"":""\u003e=16""}","",""
"mods","architectury-9.2.14-fabric.jar","architectury","9.2.14","*","main,server,client,modmenu","~1.20-",">=0.14.0","","{""minecraft"":""~1.20-"",""fabricloader"":""\u003e=0.14.0"",""fabric-api"":""\u003e=0.66.0""}","{""optifabric"":""\u003c1.13.0""}",""
"mods","AttributeFix-Fabric-1.20.1-21.0.4.jar","attributefix","21.0.4","*","client,server","1.20.1",">=0.14.21",">=17","{""fabricloader"":""\u003e=0.14.21"",""fabric"":""*"",""minecraft"":""1.20.1"",""java"":""\u003e=17""}","",""
"mods","BeaconOverhaul-1.8.4+1.20.jar","beaconoverhaul","1.8.4+1.20","*","main","~1.20",">=0.14.21","","{""fabric-api-base"":""\u003e=0.4.29"",""fabric-networking-api-v1"":""\u003e=1.3.8"",""fabric-registry-sync-v0"":""\u003e=2.2.6"",""fabric-resource-loader-v0"":""\u003e=0.11.7"",""fabricloader"":""\u003e=0.14.21"",""minecraft"":""~1.20"",""reach-entity-attributes"":""~2.4.0""}","",""
"mods","BeansBackpacks-fabric-1.20.1-2.0.2.jar","beansbackpacks","2.0.2","*","main,client,rei_client,modmenu","1.20.1",">=0.14",">=17","{""fabricloader"":""\u003e=0.14"",""fabric-api"":""*"",""minecraft"":""1.20.1"",""java"":""\u003e=17""}","",""
"mods","bestylewither-fabric-mc1.20-1.6.1.jar","bestylewither","1.6.1","*","main,client,modmenu",">=1.20","","","{""fabric"":""*"",""minecraft"":""\u003e=1.20""}","",""
"mods","BetterTrims-3.2.8-fabric+1.20.1.jar","bettertrims","3.2.8","*","main,client,fabric-datagen",">=1.20.1",">=0.16.0","","{""fabricloader"":""\u003e=0.16.0"",""minecraft"":""\u003e=1.20.1"",""configurable"":""\u003e=1.3.0"",""fabric-api"":""*"",""yet_another_config_lib_v3"":""\u003e=3.5.0""}","{""sodiumdynamiclights"":""\u003c1.0.4""}",""
"mods","BOMD-1.7.5-1.20.1.jar","bosses_of_mass_destruction","1.7.5-1.20.1","*","main,client,cardinal-components-world,cardinal-components-entity,modmenu","1.20.x",">=0.14.17",">=17","{""fabricloader"":""\u003e=0.14.17"",""fabric"":""*"",""fabric-language-kotlin"":""*"",""minecraft"":""1.20.x"",""java"":""\u003e=17"",""cardinal-components-base"":""\u003e=5.2.0"",""cardinal-components-world"":""\u003e=5.2.0"",""cardinal-components-entity"":""\u003e=5.2.0"",""geckolib"":""\u003e=4.2"",""cloth-config"":""\u003e=11.0.98""}","",""
"mods","Bookshelf-Fabric-1.20.1-20.2.13.jar","bookshelf","20.2.13","*","main,fabric-gametest","1.20.1",">=0.14.21",">=17","{""fabricloader"":""\u003e=0.14.21"",""fabric"":""*"",""minecraft"":""1.20.1"",""java"":""\u003e=17""}","",""
"mods","c2me-fabric-mc1.20.1-0.2.0+alpha.11.5.jar","c2me","0.2.0+alpha.11.5","*","main,preLaunch",">=1.20-rc.1",">=0.14.11",">=17","{""fabricloader"":""\u003e=0.14.11"",""java"":""\u003e=17"",""minecraft"":""\u003e=1.20-rc.1""}","{""tic_tacs"":""*"",""optifabric"":""*""}","{""dynview"":""*"",""betterchunkloading"":""*""}"
"mods","cardinal-components-api-5.2.2.jar","cardinal-components","5.2.2","*","","","","","","",""
"mods","carryon-fabric-1.20.1-2.1.2.7.jar","carryon","2.1.2.7","*","main,client",">=1.20",">=0.14",">=17","{""fabricloader"":""\u003e=0.14"",""fabric-api"":""*"",""minecraft"":""\u003e=1.20"",""java"":""\u003e=17""}","",""
"mods","cavedweller-1.3.0.jar","cave_dweller","1.3.0","*","main,client","~1.20.1",">=0.14.21",">=17","{""fabricloader"":""\u003e=0.14.21"",""minecraft"":""~1.20.1"",""java"":""\u003e=17"",""fabric-api"":""*""}","",""
"mods","chunkloaders-1.2.8a-fabric-mc1.20.1.jar","chunkloaders","1.2.8+a","*","main,client",">=1.20 <1.20.2",">=0.14.0",">=17","{""fabricloader"":""\u003e=0.14.0"",""fabric"":""*"",""minecraft"":""\u003e=1.20 \u003c1.20.2"",""java"":""\u003e=17"",""supermartijn642corelib"":""\u003e=1.1.0 \u003c1.2.0"",""supermartijn642configlib"":""\u003e=1.1.0""}","",""
"mods","Chunky-1.3.146.jar","chunky","1.3.146","*","main",">=1.20.0",">=0.14.21",">=17","{""fabricloader"":""\u003e=0.14.21"",""fabric"":""*"",""minecraft"":""\u003e=1.20.0"",""java"":""\u003e=17""}","",""
"mods","cicada-lib-0.8.0+1.20.1.jar","cicada","0.8.0+1.20.1","*","main,client,cicada",">=1.20 <=1.20.1",">=0.15.0",">=17","{""java"":""\u003e=17"",""minecraft"":""\u003e=1.20 \u003c=1.20.1"",""fabricloader"":""\u003e=0.15.0""}","",""
"mods","cloth-config-11.1.118-fabric.jar","cloth-config","11.1.118","*","client,modmenu",">=1.20-",">=0.14.0","","{""fabricloader"":""\u003e=0.14.0"",""minecraft"":""\u003e=1.20-""}","",""
"mods","collective-1.20.1-7.84.jar","collective","7.84","*","main,client,modmenu",">=1.20",">=0.12.6",">=17","{""fabricloader"":""\u003e=0.12.6"",""fabric"":""*"",""minecraft"":""\u003e=1.20"",""java"":""\u003e=17""}","",""
"mods","comforts-fabric-6.4.0+1.20.1.jar","comforts","6.4.0+1.20.1","*","main,client,spectrelib,cardinal-components-entity","1.20.x",">=0.14",">=17","{""fabricloader"":""\u003e=0.14"",""fabric-api"":""*"",""minecraft"":""1.20.x"",""java"":""\u003e=17"",""cardinal-components-base"":""*"",""cardinal-components-entity"":""*""}","",""
"mods","Configurable-2.2.3-fabric-yarn+1.20.1.jar","configurable","2.2.3","*","main,client",">=1.20.1",">=0.15.0","","{""fabricloader"":""\u003e=0.15.0"",""minecraft"":""\u003e=1.20.1"",""fabric-api"":""*""}","",""
"mods","connectedglass-1.1.11-fabric-mc1.20.1.jar","connectedglass","1.1.11","*","main,client",">=1.20.1 <1.21",">=0.14.0",">=17","{""fabricloader"":""\u003e=0.14.0"",""fabric"":""*"",""minecraft"":""\u003e=1.20.1 \u003c1.21"",""java"":""\u003e=17"",""supermartijn642corelib"":""\u003e=1.1.0 \u003c1.2.0"",""fusion"":""\u003e=1.1.0""}","",""
"mods","crab-fabric-1.20.2-1.0.2.jar","crab","1.0.2","*","main,client","~1.20",">=0.14.21",">=16","{""fabricloader"":""\u003e=0.14.21"",""minecraft"":""~1.20"",""java"":""\u003e=16"",""fabric-api"":""*""}","",""
"mods","CreativeCore_FABRIC_v2.12.24_mc1.20.1.jar","creativecore","2.12.24","*","main,client,modmenu",">=1.20",">=0.14.0","","{""fabricloader"":""\u003e=0.14.0"",""fabric-api"":""*"",""minecraft"":""\u003e=1.20""}","",""
"mods","creeperoverhaul-3.0.2-fabric.jar","creeperoverhaul","3.0.2","*","main,client,modmenu",">=1.20",">=0.11.3",">=17","{""fabricloader"":""\u003e=0.11.3"",""fabric"":""*"",""minecraft"":""\u003e=1.20"",""java"":""\u003e=17"",""geckolib"":""*"",""resourcefulconfig"":""\u003e=1.0.20""}","",""
"mods","deeperdarker-fabric-1.20-1.3.3.jar","deeperdarker","1.3.3","*","main,client,fabric-datagen",">=1.20 <=1.20.1",">=0.14.21",">=17","{""fabricloader"":""\u003e=0.14.21"",""minecraft"":""\u003e=1.20 \u003c=1.20.1"",""java"":""\u003e=17"",""fabric-api"":""*"",""owo"":""*""}","",""
"mods","DistantHorizons-2.3.4-b-1.20.1-fabric-forge.jar","distanthorizons","2.3.4-b","*","client,server,modmenu","1.20 | 1.20.1","*",">=17","{""fabricloader"":""*"",""fabric-api-base"":""*"",""fabric-lifecycle-events-v1"":""*"",""fabric-resource-loader-v0"":""*"",""minecraft"":[""1.20"",""1.20.1""],""java"":""\u003e=17""}","{""iris"":""\u003c=1.7.4""}",""
"mods","doubledoors-1.20.1-5.9.jar","doubledoors","5.9","*","main,modmenu",">=1.20",">=0.12.5",">=17","{""fabricloader"":""\u003e=0.12.5"",""fabric"":""*"",""minecraft"":""\u003e=1.20"",""java"":""\u003e=17"",""collective"":""\u003e=7.78""}","",""
"mods","do_a_barrel_roll-fabric-3.6.1+1.20.1.jar","do_a_barrel_roll","3.6.1+1.20.1","*","client,main,modmenu,cicada,controlify,mixinsquared",">=1.20- <=1.20.1",">=0.15",">=17","{""fabricloader"":""\u003e=0.15"",""fabric"":""*"",""minecraft"":""\u003e=1.20- \u003c=1.20.1"",""java"":""\u003e=17"",""cicada"":""\u003e=0.6.0 \u003c1.0.0""}","{""optifabric"":""*"",""controlify"":""\u003c2.0.0-beta.9""}",""
"mods","dungeons-and-taverns-3.0.3.f.jar","mr_dungeons_andtaverns","3.0.3.f","*","","","","","{""fabric-resource-loader-v0"":""*""}","",""
"mods","dungeons-and-taverns-stronghold-rework-1.jar","mr_dungeons_andtavernsstrongholdrework","1","*","","","","","{""fabric-resource-loader-v0"":""*""}","",""
"mods","DungeonsArise-1.20.1-2.1.57-fabric-release.jar","dungeons_arise","2.1.57","*","main",">=1.20",">=0.13.3","","{""fabricloader"":""\u003e=0.13.3"",""minecraft"":""\u003e=1.20"",""fabric"":""\u003e=0.47.8""}","",""
"mods","DungeonsAriseSevenSeas-1.20.x-1.0.2-fabric.jar","dungeons_arise_seven_seas","1.0.2","*","main,client",">=1.20",">=0.15.3",">=17","{""fabricloader"":""\u003e=0.15.3"",""minecraft"":""\u003e=1.20"",""java"":""\u003e=17"",""fabric-api"":""*""}","",""
"mods","EasyAnvils-v8.0.2-1.20.1-Fabric.jar","easyanvils","8.0.2","*","main,client","1.20.1",">=0.14.21",">=17","{""fabricloader"":""\u003e=0.14.21"",""fabric-api"":""\u003e=0.83.0"",""puzzleslib"":""\u003e=8.0.0"",""minecraft"":""1.20.1"",""java"":""\u003e=17""}","",""
"mods","EasyMagic-v8.0.1-1.20.1-Fabric.jar","easymagic","8.0.1","*","main,client","1.20.1",">=0.14.21",">=17","{""fabricloader"":""\u003e=0.14.21"",""fabric-api"":""\u003e=0.83.0"",""puzzleslib"":""\u003e=8.0.0"",""minecraft"":""1.20.1"",""java"":""\u003e=17""}","",""
"mods","EasyShulkerBoxes-v8.0.2-1.20.1-Fabric.jar","easyshulkerboxes","8.0.2","*","main,client","1.20.1",">=0.15.0",">=17","{""fabricloader"":""\u003e=0.15.0"",""fabric-api"":""\u003e=0.92.0"",""puzzleslib"":""\u003e=8.1.13"",""puzzlesapi"":""*"",""minecraft"":""1.20.1"",""java"":""\u003e=17""}","",""
"mods","elytra_recipe_vanilla_edition-1.0.0.jar","elytra_vanilla","1.0.0","*","main","1.20.x","",">=17","{""minecraft"":""1.20.x"",""java"":""\u003e=17"",""fabric-api"":""*""}","",""
"mods","exposure-1.20.1-1.7.7-fabric.jar","exposure","1.7.7","*","main,client,jei_mod_plugin,jade","=1.20.1","","","{""minecraft"":""=1.20.1"",""fabric-api"":""\u003e=0.88.1"",""fabric"":""*"",""forgeconfigapiport"":""\u003e=8.0.0""}","",""
"mods","fabric-api-0.92.3+1.20.1.jar","fabric-api","0.92.3+1.20.1","*","",">=1.20 <1.20.2-",">=0.15.6",">=17","{""fabricloader"":""\u003e=0.15.6"",""java"":""\u003e=17"",""minecraft"":""\u003e=1.20 \u003c1.20.2-""}","",""
"mods","fabric-language-kotlin-1.13.0+kotlin.2.1.0.jar","fabric-language-kotlin","1.13.0+kotlin.2.1.0","*","","",">=0.16.9","","{""fabricloader"":""\u003e=0.16.9""}","",""
"mods","fancymenu_fabric_3.2.3_MC_1.20.1.jar","fancymenu","3.2.3","*","main,client,server",">=1.20.1",">=0.15.2",">=17","{""fabricloader"":""\u003e=0.15.2"",""fabric"":""\u003e=0.88.1"",""konkrete"":""\u003e=1.7.0"",""melody"":""\u003e=1.0.0"",""minecraft"":""\u003e=1.20.1"",""java"":""\u003e=17""}","{""drippyloadingscreen"":""\u003c3.0.0"",""fmextension_audio"":""*"",""fmextension_video"":""*"",""rrls"":""*""}",""
"mods","ferritecore-6.0.1-fabric.jar","ferritecore","6.0.1","*","",">=1.20 <1.21",">=0.14.21","","{""fabricloader"":""\u003e=0.14.21"",""minecraft"":""\u003e=1.20 \u003c1.21""}","{""hydrogen"":""\u003c=0.3""}",""
"mods","ForgeConfigAPIPort-v8.0.0-1.20.1-Fabric.jar","forgeconfigapiport","8.0.0","*","main,client","1.20.1",">=0.14.21",">=17","{""fabricloader"":""\u003e=0.14.21"",""fabric-api"":""\u003e=0.83.0"",""minecraft"":""1.20.1"",""java"":""\u003e=17""}","",""
"mods","friendsandfoes-fabric-mc1.20.1-3.0.7.jar","friendsandfoes","3.0.7","*","main,client,preLaunch,modmenu",">=1.20-","*","","{""minecraft"":""\u003e=1.20-"",""fabricloader"":""*"",""fabric"":""*""}","",""
"mods","From-The-Fog-1.20-v1.9.2-Forge-Fabric.jar","watching","1.9.2","*","","1.20.x",">=0.12.12",">=16","{""fabricloader"":""\u003e=0.12.12"",""minecraft"":""1.20.x"",""java"":""\u003e=16"",""fabric-api"":""*""}","",""
"mods","fusion-1.1.1-fabric-mc1.20.1.jar","fusion","1.1.1","*","main,client",">=1.20 <1.20.2",">=0.14.0",">=17","{""fabricloader"":""\u003e=0.14.0"",""fabric"":""*"",""minecraft"":""\u003e=1.20 \u003c1.20.2"",""java"":""\u003e=17""}","",""
"mods","geckolib-fabric-1.20.1-4.4.6.jar","geckolib","4.4.6","*","main,client",">=1.20.1",">=0.15.11",">=17","{""fabricloader"":""\u003e=0.15.11"",""fabric-api"":""\u003e=0.92.2+1.20.1"",""java"":""\u003e=17"",""minecraft"":""\u003e=1.20.1""}","",""
"mods","global_packs-fabric-1.19.4-1.16.1_fabric.jar","globalpacks","1.16.1_fabric","*","",">=1.19.3","",">=17","{""minecraft"":""\u003e=1.19.3"",""java"":""\u003e=17""}","",""
"mods","gnomemage-1.0.4.jar","gnomemod","1.0.1","*","main,client,fabric-datagen",">=1.19.3",">=0.14.12",">=17","{""fabricloader"":""\u003e=0.14.12"",""minecraft"":""\u003e=1.19.3"",""java"":""\u003e=17"",""geckolib"":""\u003e=4.1.1"",""fabric-api"":""*""}","",""
"mods","guiclock-1.20.1-4.6.jar","guiclock","4.6","*","main,client,modmenu",">=1.20",">=0.12.5",">=17","{""fabricloader"":""\u003e=0.12.5"",""fabric"":""*"",""minecraft"":""\u003e=1.20"",""java"":""\u003e=17"",""collective"":""\u003e=7.78""}","",""
"mods","guicompass-1.20.1-4.8.jar","guicompass","4.8","*","main,client,modmenu",">=1.20",">=0.12.5",">=17","{""fabricloader"":""\u003e=0.12.5"",""fabric"":""*"",""minecraft"":""\u003e=1.20"",""java"":""\u003e=17"",""collective"":""\u003e=7.78""}","",""
"mods","HangGlider-v8.0.1-1.20.1-Fabric.jar","hangglider","8.0.1","*","main,client,cardinal-components","1.20.1",">=0.14.21",">=17","{""fabricloader"":""\u003e=0.14.21"",""fabric-api"":""\u003e=0.86.0"",""puzzleslib"":""\u003e=8.0.24"",""cardinal-components-base"":""*"",""cardinal-components-entity"":""*"",""minecraft"":""1.20.1"",""java"":""\u003e=17""}","",""
"mods","IceAndFireCE-1.0-beta.2-1.20.1-fabric.jar","iceandfire","1.0-beta.2","*","main,client,emi,jade,cardinal-components-entity,modmenu","1.20.1","","","{""minecraft"":""1.20.1"",""jupiter"":""\u003e=2"",""uranus"":""\u003e=2""}","",""
"mods","immersive_melodies-0.3.0+1.20.1-fabric.jar","immersive_melodies","0.3.0+1.20.1","*","main,client","",">=0.11.3",">=8","{""fabricloader"":""\u003e=0.11.3"",""java"":""\u003e=8"",""fabric-api-base"":""\u003e=0.1.0""}","",""
"mods","Incendium_1.20.x_v5.3.5.jar","incendium","5.3.5","*","",">=1.20",">=0.12.7","","{""fabricloader"":""\u003e=0.12.7"",""fabric-api-base"":""*"",""minecraft"":""\u003e=1.20""}","",""
"mods","inventorio-mc1.20.1-fabric-v1.10.3.jar","inventorio","1.10.3","*","main,modmenu",">=1.20 <=1.20.1",">=0.15.7","","{""minecraft"":""\u003e=1.20 \u003c=1.20.1"",""fabricloader"":""\u003e=0.15.7"",""fabric-api"":""*"",""fabric-language-kotlin"":""\u003e=1.9.6+kotlin.1.8.22"",""cloth-config"":""*""}","",""
"mods","inventorymanagement-1.3.1+1.20.jar","inventorymanagement","1.3.1","*","main,client,modmenu","1.20.*","*",">=17","{""fabricloader"":""*"",""fabric-api"":""*"",""minecraft"":""1.20.*"",""java"":""\u003e=17""}","",""
"mods","jamlib-0.6.1+1.20.x.jar","jamlib","0.6.1+1.20.x","*","main,client","",">=0.12.5","","{""fabricloader"":""\u003e=0.12.5"",""fabric"":""*""}","",""
"mods","Jupiter-2.0-fabric.jar","jupiter","2.0","*","main,client,modmenu,jupiter","~1.20.1",">=0.15.11",">=17","{""fabricloader"":""\u003e=0.15.11"",""minecraft"":""~1.20.1"",""java"":""\u003e=17"",""fabric-api"":""*""}","",""
"mods","konkrete_fabric_1.8.1_MC_1.20.1.jar","konkrete","1.8.1","*","main,client,server","1.20.1",">=0.15.3",">=17","{""fabricloader"":""\u003e=0.15.3"",""fabric"":""\u003e=0.88.1"",""minecraft"":""1.20.1"",""java"":""\u003e=17""}","{""fancymenu"":""\u003c2.14.10""}",""
"mods","lazydfu-0.1.3.jar","lazydfu","0.1.3","*","",">=1.19",">=0.7.0","","{""fabricloader"":""\u003e=0.7.0"",""minecraft"":""\u003e=1.19""}","",""
"mods","lenientdeath-1.2.5+1.20.1.jar","lenientdeath","1.2.5+1.20.1","*","main",">1.19.4 <=1.20.2",">=0.15.0",">=17","{""fabricloader"":""\u003e=0.15.0"",""minecraft"":""\u003e1.19.4 \u003c=1.20.2"",""java"":""\u003e=17"",""fabric-api"":""*"",""fabric-permissions-api-v0"":""*"",""jackfredlib-lying"":""\u003e=0.5.0""}","",""
"mods","lithium-fabric-mc1.20.1-0.11.2.jar","lithium","0.11.2","*","main","1.20.1",">=0.12.11","","{""fabricloader"":""\u003e=0.12.11"",""minecraft"":""1.20.1""}","{""optifabric"":""*""}",""
"mods","melody_fabric_1.0.4_MC_1.20.1-1.20.4.jar","melody","1.0.3","*","main,client,server",">=1.20.1",">=0.15.1",">=17","{""fabricloader"":""\u003e=0.15.1"",""fabric"":""\u003e=0.88.1"",""minecraft"":""\u003e=1.20.1"",""java"":""\u003e=17""}","",""
"mods","memoryleakfix-fabric-1.17+-1.1.5.jar","memoryleakfix","1.1.5","*","main","",">=0.15.0","","{""fabricloader"":""\u003e=0.15.0""}","",""
"mods","midnightlib-fabric-1.4.1.1.jar","midnightlib","1.4.1","*","client,server,modmenu",">=1.20-beta.2","","","{""fabric-resource-loader-v0"":""*"",""minecraft"":""\u003e=1.20-beta.2""}","",""
"mods","MobCaptains-v3.1.2.jar","mobcaptains","3.1.1","*","","","","","{""fabric-resource-loader-v0"":""*""}","",""
"mods","moonlight-1.20-2.11.37-fabric.jar","moonlight","1.20-2.11.37","*","main,client,server,modmenu","1.20.1","","","{""fabric"":""\u003e=0.86.0"",""minecraft"":""1.20.1""}","",""
"mods","MoreBows-1.0.11+1.20.x.jar","morebows","1.0.11+1.20.x","*","client,main,modmenu","~1.20",">=0.14.19",">=17","{""fabric"":""\u003e=0.83.0"",""fabricloader"":""\u003e=0.14.19"",""java"":""\u003e=17"",""minecraft"":""~1.20""}","",""
"mods","mysticaloaktree-1.20-1.11-fabric.jar","mysticaloaktree","1.20-1.11","*","main",">=1.20","","","{""fabric"":""*"",""minecraft"":""\u003e=1.20"",""moonlight"":""\u003e=1.20-2.6.0""}","",""
"mods","netherportalspread-1.20.1-8.3.jar","netherportalspread","8.3","*","main,modmenu",">=1.20",">=0.12.5",">=17","{""fabricloader"":""\u003e=0.12.5"",""fabric"":""*"",""minecraft"":""\u003e=1.20"",""java"":""\u003e=17"",""collective"":""\u003e=7.78""}","",""
"mods","niftycarts-3.0.2+1.20.1.jar","niftycarts","3.0.2+1.20.1","*","main,client","~1.20.1",">=0.15.7",">=17","{""fabricloader"":""\u003e=0.15.7"",""minecraft"":""~1.20.1"",""java"":""\u003e=17"",""fabric-api"":""*"",""forgeconfigapiport"":""\u003e=8.0.0""}","",""
"mods","noisium-fabric-2.2.2+mc1.20-1.20.1.jar","noisium","2.2.2+mc1.20-1.20.1","*","main",">=1.20 <=1.20.1",">=0.14.25","","{""fabricloader"":""\u003e=0.14.25"",""minecraft"":""\u003e=1.20 \u003c=1.20.1""}","",""
"mods","notenoughcrashes-4.4.7+1.20.1-fabric.jar","notenoughcrashes","4.4.7+1.20.1","*","main,modmenu",">=1.17",">=0.12.0","","{""minecraft"":""\u003e=1.17"",""fabricloader"":""\u003e=0.12.0""}","",""
"mods","Nullscape_1.20.x_v1.2.8.jar","nullscape","1.2.7","*","",">=1.20",">=0.12.7","","{""fabricloader"":""\u003e=0.12.7"",""fabric-api-base"":""*"",""minecraft"":""\u003e=1.20""}","",""
"mods","nyfsspiders-fabric-1.20.1-2.1.1.jar","nyfsspiders","2.1.1","*","main,client","1.20.1",">=0.14",">=17","{""fabricloader"":""\u003e=0.14"",""fabric"":""*"",""minecraft"":""1.20.1"",""java"":""\u003e=17""}","",""
"mods","Obscure-API-16.jar","obscure_api","16","*","client,main","1.20.1",">=0.14.21","","{""fabricloader"":""\u003e=0.14.21"",""fabric"":""*"",""minecraft"":""1.20.1""}","",""
"mods","owo-lib-0.11.2+1.20.jar","owo","0.11.2+1.20","*","client,main,rei_client,emi,modmenu",">=1.19","*","","{""fabricloader"":""*"",""fabric"":""\u003e=0.76"",""minecraft"":""\u003e=1.19""}","",""
"mods","Patchouli-1.20.1-84-FABRIC.jar","patchouli","1.20.1-84-FABRIC","*","main,client,fabric-gametest",">=1.20.1 <1.21",">=0.14.21","","{""fabricloader"":""\u003e=0.14.21"",""fabric"":""\u003e=0.87.0"",""minecraft"":""\u003e=1.20.1 \u003c1.21""}","",""
"mods","PickUpNotifier-v8.0.0-1.20.1-Fabric.jar","pickupnotifier","8.0.0","*","main,client","1.20.1",">=0.14.21",">=17","{""fabricloader"":""\u003e=0.14.21"",""fabric-api"":""\u003e=0.83.0"",""puzzleslib"":""\u003e=8.0.0"",""minecraft"":""1.20.1"",""java"":""\u003e=17""}","",""
"mods","Ping-Wheel-1.9.1-fabric-1.20.1.jar","ping-wheel","1.9.1","*","client,main,modmenu",">=1.20 <=1.20.1",">=0.14.21","","{""fabricloader"":""\u003e=0.14.21"",""fabric-api"":""*"",""minecraft"":""\u003e=1.20 \u003c=1.20.1""}","",""
"mods","plushies-1.4.0-fabric.jar","plushies","1.4.0","*","main","1.20.x",">=0.14.12","","{""fabric"":""*"",""fabricloader"":""\u003e=0.14.12"",""minecraft"":""1.20.x"",""architectury"":""\u003e=8.1.79""}","",""
"mods","PuzzlesLib-v8.1.20-1.20.1-Fabric.jar","puzzleslib","8.1.20","*","main,client","1.20.1",">=0.14.21",">=17","{""fabricloader"":""\u003e=0.14.21"",""fabric-api"":""\u003e=0.86.0"",""forgeconfigapiport"":""*"",""minecraft"":""1.20.1"",""java"":""\u003e=17""}","",""
"mods","radiantgear-fabric-2.1.6+1.20.1.jar","radiantgear","2.1.6+1.20.1","*","client",">=1.19.3",">=0.14",">=17","{""fabricloader"":""\u003e=0.14"",""fabric"":""*"",""trinkets"":""\u003e=3.4.0"",""minecraft"":""\u003e=1.19.3"",""java"":""\u003e=17""}","",""
"mods","remove-terralith-intro-message-1.0.jar","mr_remove_terralithintromessage","1.0","*","","","","","{""fabric-resource-loader-v0"":""*""}","",""
"mods","resourcefulconfig-fabric-1.20.1-2.1.2.jar","resourcefulconfig","2.1.2","*","main",">=1.20",">=0.14.21","","{""fabricloader"":""\u003e=0.14.21"",""minecraft"":""\u003e=1.20""}","",""
"mods","resourcefullib-fabric-1.20.1-2.1.25.jar","resourcefullib","2.1.25","*","client",">=1.20","","","{""fabric"":""*"",""minecraft"":""\u003e=1.20""}","",""
"mods","Ribbits-1.20.1-Fabric-3.0.2.jar","ribbits","1.20.1-Fabric-3.0.2","*","main,client,modmenu",">=1.20.1",">=0.15.11",">=17","{""fabricloader"":""\u003e=0.15.11"",""fabric"":""\u003e=0.85.0+1.20.1"",""minecraft"":""\u003e=1.20.1"",""cloth-config2"":""\u003e=11.1.106"",""java"":""\u003e=17"",""yungsapi"":""\u003e=1.20-Fabric-4.0.6"",""geckolib"":""\u003e=4.4.5""}","",""
"mods","right-click-harvest-3.2.3+1.19.x-1.20.1-fabric.jar","rightclickharvest","3.2.3+1.19.x-1.20.1-fabric","*","main,modmenu","","","","{""fabric"":""*"",""jamlib"":""\u003e=0.6.0""}","",""
"mods","RoughlyEnoughItems-12.1.725-fabric.jar","roughlyenoughitems","12.1.725","*","main,client,rei_common,rei_client","~1.20-","","","{""minecraft"":""~1.20-""}","{""cloth-config2"":""\u003c6.2-""}",""
"mods","sawmill-1.20-1.4.3-fabric.jar","sawmill","1.20-1.4.3","*","main,jei_mod_plugin,modmenu",">=1.20 <1.21","","","{""fabric"":""*"",""minecraft"":""\u003e=1.20 \u003c1.21"",""moonlight"":""*""}","",""
"mods","Scout-2.0.4+1.20.1.jar","scout","2.0.4+1.20.1","*","main,client,emi",">=1.20.1","","","{""fabric"":""\u003e=0.91.0"",""minecraft"":""\u003e=1.20.1"",""trinkets"":""\u003e=3.7.2"",""lib39-core"":""\u003e=1.5.0-experimental6.1"",""lib39-dessicant"":""\u003e=1.5.0-experimental6.1""}","{""infinitory"":""*"",""biginv"":""*"",""extrainv"":""*"",""inventory_backpack"":""*"",""realistic-inventory"":""*"",""inventorymod"":""*""}",""
"mods","serversleep-datapack.jar","serversleep_mr","1-datapack","*","","","","","{""fabric-resource-loader-v0"":""*""}","",""
"mods","show-me-your-skin-1.9.0+1.20.jar","showmeyourskin","1.9.0+1.20","*","main,client,modmenu,cicada,cardinal-components",">=1.20- <1.20.2-",">=0.15.0","","{""fabricloader"":""\u003e=0.15.0"",""fabric-api"":""*"",""minecraft"":""\u003e=1.20- \u003c1.20.2-"",""cicada"":""\u003e=0.6.0 \u003c1.0.0"",""cardinal-components-base"":""*"",""cardinal-components-entity"":""*""}","{""optifabric"":""*""}",""
"mods","simplyswords-fabric-1.56.0-1.20.1.jar","simplyswords","1.56.0-1.20.1","*","client,main,preLaunch,modmenu,dynamiclights",">=1.20 <=1.20.1","","","{""fabric"":""*"",""minecraft"":""\u003e=1.20 \u003c=1.20.1"",""architectury"":""\u003e=7.1.0"",""cloth-config"":""\u003e=11.1.106""}","",""
"mods","SmartBrainLib-fabric-1.20.1-1.14.jar","smartbrainlib","1.14","*","main,client",">=1.20",">=0.14",">=17","{""fabricloader"":""\u003e=0.14"",""fabric"":""*"",""minecraft"":""\u003e=1.20"",""java"":""\u003e=17""}","",""
"mods","snuffles-1.0.0+1.20.jar","snuffles","1.0.0+1.20","*","main,client","~1.20",">=0.14.21",">=17","{""fabricloader"":""\u003e=0.14.21"",""fabric-api"":""*"",""minecraft"":""~1.20"",""java"":""\u003e=17"",""yet_another_config_lib_v3"":""*""}","",""
"mods","sound-physics-remastered-fabric-1.20.1-1.4.5.jar","sound_physics_remastered","1.20.1-1.4.5","*","main,client,modmenu,voicechat","1.20.1",">=0.14.21",">=17","{""fabricloader"":""\u003e=0.14.21"",""minecraft"":""1.20.1"",""java"":""\u003e=17""}","{""soundphysics"":""*"",""voicechat"":""\u003c1.20.1-2.3.0""}",""
"mods","spark-1.10.53-fabric.jar","spark","1.10.53","*","main,client","",">=0.4.0","","{""fabricloader"":""\u003e=0.4.0"",""fabric-api-base"":""*"",""fabric-command-api-v2"":""*"",""fabric-lifecycle-events-v1"":""*""}","",""
"mods","spawnermod-1.20.1-1.2.4+Fabric.jar","spawnermod","1.2.4","*","main,client","1.20.x",">=0.14.21","","{""fabricloader"":""\u003e=0.14.21"",""fabric-api"":""*"",""minecraft"":""1.20.x""}","",""
"mods","strawdummy-1.9.0.jar","strawdummy","1.9.0","*","main,client","1.20.x",">=0.7.1","","{""fabricloader"":""\u003e=0.7.1"",""fabric"":""*"",""fabric-language-kotlin"":""*"",""minecraft"":""1.20.x""}","",""
"mods","supermartijn642configlib-1.1.8a-fabric-mc1.20.jar","supermartijn642configlib","1.1.8+a","*","main,client",">=1.20 <1.21",">=0.14.0",">=17","{""fabricloader"":""\u003e=0.14.0"",""fabric"":""*"",""minecraft"":""\u003e=1.20 \u003c1.21"",""java"":""\u003e=17""}","",""
"mods","supermartijn642corelib-1.1.17-fabric-mc1.20.1.jar","supermartijn642corelib","1.1.17","*","main,preLaunch",">=1.20.1 <1.20.2",">=0.14.0",">=17","{""fabricloader"":""\u003e=0.14.0"",""fabric"":""\u003e=0.86.1"",""minecraft"":""\u003e=1.20.1 \u003c1.20.2"",""java"":""\u003e=17""}","",""
"mods","surveyor-0.6.26+1.20.jar","surveyor","0.6.26+1.20","*","main,client",">=1.20.1",">=0.15.0","","{""minecraft"":""\u003e=1.20.1"",""fabricloader"":""\u003e=0.15.0"",""fabric-api"":""\u003e=0.83.0+1.20.1""}","",""
"mods","tectonic-fabric-1.20-2.3.5b.jar","tectonic","2.3.5b","*","main",">=1.19.4",">=0.15",">=17","{""fabricloader"":""\u003e=0.15"",""fabric-api"":""*"",""minecraft"":""\u003e=1.19.4"",""java"":""\u003e=17""}","",""
"mods","Terralith_1.20.x_v2.5.4.jar","terralith","2.5.4","*","",">=1.20",">=0.12.7","","{""fabricloader"":""\u003e=0.12.7"",""fabric-api-base"":""*"",""minecraft"":""\u003e=1.20""}","",""
"mods","the_bumblezone-7.4.16+1.20.1-fabric.jar","the_bumblezone","7.4.16+1.20.1-fabric","*","main,client,modmenu,cardinal-components-entity,emi,rei_client,jei_mod_plugin",">=1.20",">=0.14.25","","{""fabricloader"":""\u003e=0.14.25"",""minecraft"":""\u003e=1.20"",""fabric"":""\u003e=0.83.0"",""midnightlib"":""\u003e=1.4.0""}","",""
"mods","The_Graveyard_3.1_(FABRIC)_for_1.20.1.jar","graveyard","3.0","*","main,client",">=1.20",">=0.14.21",">=17","{""fabricloader"":""\u003e=0.14.21"",""fabric-api"":""*"",""minecraft"":""\u003e=1.20"",""geckolib"":""\u003e=4.2"",""java"":""\u003e=17""}","",""
"mods","torchesntrinkets-0.2.1-1.20.1-4.jar","torchesntrinkets","0.2.1-1.20.1-4","*","main,client,fabric-datagen",">=1.20.1",">=0.15.10",">=17","{""fabricloader"":""\u003e=0.15.10"",""minecraft"":""\u003e=1.20.1"",""java"":""\u003e=17"",""fabric-api"":""*"",""trinkets"":""*"",""radiantgear"":""*""}","",""
"mods","trimmable-tools-mc1.20-v1.0.6.jar","trimmable_tools","1.0.6","*","",">=1.20","","","{""minecraft"":""\u003e=1.20"",""fabric-api"":""*""}","",""
"mods","trinkets-3.7.2.jar","trinkets","3.7.2","*","main,client,cardinal-components-entity,rei_client,emi",">1.18",">=0.7.0","","{""minecraft"":""\u003e1.18"",""fabricloader"":""\u003e=0.7.0"",""cardinal-components-base"":""\u003e=3.0.0-0"",""cardinal-components-entity"":""\u003e=3.0.0-0"",""fabric"":""\u003e=0.51.2""}","",""
"mods","tru.e-ending-v1.1.0c.jar","mr_true_ending","1-v1.1.0c","*","","","","","{""fabric-resource-loader-v0"":""*""}","",""
"mods","uranus-2.2.2-1.20.1-fabric.jar","uranus","2.2.2","*","client,main","1.20.1","","","{""fabric"":""*"",""minecraft"":""1.20.1""}","",""
"mods","vcinteraction-fabric-1.20.1-1.0.6.jar","vcinteraction","1.20.1-1.0.6","*","main,voicechat","1.20.1",">=0.14.21","","{""fabricloader"":""\u003e=0.14.21"",""minecraft"":""1.20.1"",""voicechat"":""\u003e=1.20.1-2.2.39""}","{""fabric-api"":""\u003c0.91.0+1.20.1""}",""
"mods","voicechat-fabric-1.20.1-2.5.20.jar","voicechat","1.20.1-2.5.20","*","client,main,modmenu","1.20 | 1.20.1",">=0.14.19",">=17","{""fabricloader"":""\u003e=0.14.19"",""minecraft"":[""1.20"",""1.20.1""],""java"":""\u003e=17""}","{""fabric-api"":""\u003c0.83.0+1.20.1""}",""
"mods","voidz-1.0.11.jar","voidz","1.0.11","*","main,client,modmenu",">=1.20.1",">=0.14.21",">=17","{""java"":""\u003e=17"",""minecraft"":""\u003e=1.20.1"",""fabric-api"":""\u003e=0.86.0+1.20.1"",""fabricloader"":""\u003e=0.14.21"",""cloth-config2"":""\u003e=11.0.99"",""adventurez"":""*""}","",""
"mods","weaponmaster_ydm-fabric-1.20.1-4.2.6.jar","weaponmaster_ydm","4.2.3","*","main,client","~1.20",">=0.15.11",">=17","{""fabricloader"":""\u003e=0.15.11"",""minecraft"":""~1.20"",""java"":""\u003e=17"",""fabric-api"":""*""}","",""
"mods","wolf_port-1.0.3-1.20.1.jar","wolf_port","1.0.3-1.20.1","*","client,main","1.20.1",">=0.14.21","","{""fabricloader"":""\u003e=0.14.21"",""fabric"":""*"",""minecraft"":""1.20.1""}","",""
"mods","YetAnotherConfigLib-3.5.0+1.20.1-fabric.jar","yet_another_config_lib_v3","3.5.0+1.20.1-fabric","*","client","1.20.1",">=0.15.0",">=17","{""fabricloader"":""\u003e=0.15.0"",""minecraft"":""1.20.1"",""java"":""\u003e=17"",""fabric-resource-loader-v0"":""*""}","",""
"mods","YungsApi-1.20-Fabric-4.0.6.jar","yungsapi","1.20-Fabric-4.0.6","*","main",">=1.20",">=0.15.7","","{""fabricloader"":""\u003e=0.15.7"",""fabric"":""\u003e=0.83.0"",""minecraft"":""\u003e=1.20""}","",""
"mods","YungsBetterDesertTemples-1.20-Fabric-3.0.3.jar","betterdeserttemples","1.20-Fabric-3.0.3","*","main,modmenu",">=1.20",">=0.14.21",">=17","{""fabricloader"":""\u003e=0.14.21"",""fabric"":""\u003e=0.83.0"",""minecraft"":""\u003e=1.20"",""cloth-config2"":""\u003e=11.0.99"",""java"":""\u003e=17"",""yungsapi"":""\u003e=1.20-Fabric-4.0.1""}","",""
"mods","YungsBetterDungeons-1.20-Fabric-4.0.4.jar","betterdungeons","1.20-Fabric-4.0.4","*","main,modmenu",">=1.20",">=0.14.21",">=17","{""fabricloader"":""\u003e=0.14.21"",""fabric"":""\u003e=0.83.0"",""minecraft"":""\u003e=1.20"",""cloth-config2"":""\u003e=11.0.99"",""java"":""\u003e=17"",""yungsapi"":""\u003e=1.20-Fabric-4.0.1""}","",""
"mods","YungsBetterEndIsland-1.20-Fabric-2.0.6.jar","betterendisland","1.20-Fabric-2.0.6","*","main,modmenu",">=1.20",">=0.14.21",">=17","{""fabricloader"":""\u003e=0.14.21"",""fabric"":""\u003e=0.83.0"",""minecraft"":""\u003e=1.20"",""cloth-config2"":""\u003e=11.0.99"",""java"":""\u003e=17"",""yungsapi"":""\u003e=1.20-Fabric-4.0.1""}","",""
"mods","YungsBetterJungleTemples-1.20-Fabric-2.0.5.jar","betterjungletemples","1.20-Fabric-2.0.5","*","main,modmenu",">=1.20",">=0.14.21",">=17","{""fabricloader"":""\u003e=0.14.21"",""fabric"":""\u003e=0.83.0"",""minecraft"":""\u003e=1.20"",""cloth-config2"":""\u003e=11.0.99"",""java"":""\u003e=17"",""yungsapi"":""\u003e=1.20-Fabric-4.0.1""}","",""
"mods","YungsBetterMineshafts-1.20-Fabric-4.0.4.jar","bettermineshafts","1.20-Fabric-4.0.4","*","main,modmenu",">=1.20",">=0.14.21",">=17","{""fabricloader"":""\u003e=0.14.21"",""fabric"":""\u003e=0.83.0"",""minecraft"":""\u003e=1.20"",""cloth-config2"":""\u003e=11.0.99"",""java"":""\u003e=17"",""yungsapi"":""\u003e=1.20-Fabric-4.0.1""}","",""
"mods","YungsBetterNetherFortresses-1.20-Fabric-2.0.6.jar","betterfortresses","1.20-Fabric-2.0.6","*","main,modmenu",">=1.20",">=0.14.21",">=17","{""fabricloader"":""\u003e=0.14.21"",""fabric"":""\u003e=0.83.0"",""minecraft"":""\u003e=1.20"",""cloth-config2"":""\u003e=11.0.99"",""java"":""\u003e=17"",""yungsapi"":""\u003e=1.20-Fabric-4.0.1""}","",""
"mods","YungsBetterOceanMonuments-1.20-Fabric-3.0.4.jar","betteroceanmonuments","1.20-Fabric-3.0.4","*","main,modmenu",">=1.20",">=0.14.21",">=17","{""fabricloader"":""\u003e=0.14.21"",""fabric"":""\u003e=0.83.0"",""minecraft"":""\u003e=1.20"",""cloth-config2"":""\u003e=11.0.99"",""java"":""\u003e=17"",""yungsapi"":""\u003e=1.20-Fabric-4.0.1""}","",""
"mods","YungsBetterWitchHuts-1.20-Fabric-3.0.3.jar","betterwitchhuts","1.20-Fabric-3.0.3","*","main,modmenu",">=1.20",">=0.14.21",">=17","{""fabricloader"":""\u003e=0.14.21"",""fabric"":""\u003e=0.83.0"",""minecraft"":""\u003e=1.20"",""cloth-config2"":""\u003e=11.0.99"",""java"":""\u003e=17"",""yungsapi"":""\u003e=1.20-Fabric-4.0.1""}","",""
"mods","YungsBridges-1.20-Fabric-4.0.3.jar","yungsbridges","1.20-Fabric-4.0.3","*","main",">=1.20",">=0.14.21",">=17","{""fabricloader"":""\u003e=0.14.21"",""fabric"":""\u003e=0.83.0"",""minecraft"":""\u003e=1.20"",""cloth-config2"":""\u003e=11.0.99"",""java"":""\u003e=17"",""yungsapi"":""\u003e=1.20-Fabric-4.0.1""}","",""
"mods","YungsExtras-1.20-Fabric-4.0.3.jar","yungsextras","1.20-Fabric-4.0.3","*","main",">=1.20",">=0.14.21",">=17","{""fabricloader"":""\u003e=0.14.21"",""fabric"":""\u003e=0.83.0"",""minecraft"":""\u003e=1.20"",""cloth-config2"":""\u003e=11.0.99"",""java"":""\u003e=17"",""yungsapi"":""\u003e=1.20-Fabric-4.0.1""}","",""
"disabled-mods","antique-atlas-2.11.0+1.20.jar","antique_atlas","2.11.0+1.20","*","client",">=1.20.1",">=0.15.0","","{""minecraft"":""\u003e=1.20.1"",""fabricloader"":""\u003e=0.15.0"",""fabric-api"":""\u003e=0.83.0+1.20.1"",""surveyor"":""\u003e=0.6.24+1.20""}","",""
"disabled-mods","DistantHorizons-2.2.1-a-1.20.1-forge-fabric.jar","distanthorizons","2.2.1-a","*","client,server,modmenu","1.20 | 1.20.1","*",">=17","{""fabricloader"":""*"",""fabric-api-base"":""*"",""fabric-lifecycle-events-v1"":""*"",""fabric-resource-loader-v0"":""*"",""minecraft"":[""1.20"",""1.20.1""],""java"":""\u003e=17""}","{""iris"":""\u003c=1.7.4""}",""
"disabled-mods","entityculling-fabric-1.7.2-mc1.20.1.jar","entityculling","1.7.2","*","client","1.20.1","","","{""minecraft"":""1.20.1"",""fabric-api"":""*""}","",""
"disabled-mods","keybind_fix-1.0.0.jar","keybind_fix","1.0.0","*","client",">=1.18",">=0.13.3",">=17","{""fabricloader"":""\u003e=0.13.3"",""fabric"":""*"",""fabric-language-kotlin"":""\u003e=1.7.0+kotlin.1.6.0"",""minecraft"":""\u003e=1.18"",""java"":""\u003e=17""}","",""
"disabled-mods","PuzzlesLib-v8.0.15-1.20.1-Fabric.jar","puzzleslib","8.0.15","*","main,client","1.20.1",">=0.14.21",">=17","{""fabricloader"":""\u003e=0.14.21"",""fabric-api"":""\u003e=0.83.0"",""forgeconfigapiport"":""*"",""minecraft"":""1.20.1"",""java"":""\u003e=17""}","",""
"disabled-mods","waveycapes-fabric-1.4.8-mc1.20.1.jar","waveycapes","1.4.8","*","client,modmenu","1.20.1","","","{""minecraft"":""1.20.1"",""fabric-api"":""*""}","{""tlskincape"":""*""}",""
